t_s,nu,eclipsed,p_gen_w,p_house_w,p_surplus_w
0.0,1.000000,0,571.5203,45.00,526.5203
10.0,1.000000,0,571.5202,45.00,526.5202
20.0,1.000000,0,571.5202,45.00,526.5202
30.0,1.000000,0,571.5201,45.00,526.5201
40.0,1.000000,0,571.5201,45.00,526.5201
50.0,1.000000,0,571.5200,45.00,526.5200
60.0,1.000000,0,571.5200,45.00,526.5200
70.0,1.000000,0,571.5199,45.00,526.5199
80.0,1.000000,0,571.5199,45.00,526.5199
90.0,1.000000,0,571.5198,45.00,526.5198
100.0,1.000000,0,571.5198,45.00,526.5198
110.0,1.000000,0,571.5198,45.00,526.5198
120.0,1.000000,0,571.5197,45.00,526.5197
130.0,1.000000,0,571.5197,45.00,526.5197
140.0,1.000000,0,571.5196,45.00,526.5196
150.0,1.000000,0,571.5196,45.00,526.5196
160.0,1.000000,0,571.5195,45.00,526.5195
170.0,1.000000,0,571.5195,45.00,526.5195
180.0,1.000000,0,571.5194,45.00,526.5194
190.0,1.000000,0,571.5194,45.00,526.5194
200.0,1.000000,0,571.5193,45.00,526.5193
210.0,1.000000,0,571.5193,45.00,526.5193
220.0,1.000000,0,571.5193,45.00,526.5193
230.0,1.000000,0,571.5192,45.00,526.5192
240.0,1.000000,0,571.5192,45.00,526.5192
250.0,1.000000,0,571.5191,45.00,526.5191
260.0,1.000000,0,571.5191,45.00,526.5191
270.0,1.000000,0,571.5190,45.00,526.5190
280.0,1.000000,0,571.5190,45.00,526.5190
290.0,1.000000,0,571.5189,45.00,526.5189
300.0,1.000000,0,571.5189,45.00,526.5189
310.0,1.000000,0,571.5188,45.00,526.5188
320.0,1.000000,0,571.5188,45.00,526.5188
330.0,1.000000,0,571.5188,45.00,526.5188
340.0,1.000000,0,571.5187,45.00,526.5187
350.0,1.000000,0,571.5187,45.00,526.5187
360.0,1.000000,0,571.5186,45.00,526.5186
370.0,1.000000,0,571.5186,45.00,526.5186
380.0,1.000000,0,571.5185,45.00,526.5185
390.0,1.000000,0,571.5185,45.00,526.5185
400.0,1.000000,0,571.5184,45.00,526.5184
410.0,1.000000,0,571.5184,45.00,526.5184
420.0,1.000000,0,571.5183,45.00,526.5183
430.0,1.000000,0,571.5183,45.00,526.5183
440.0,1.000000,0,571.5183,45.00,526.5183
450.0,1.000000,0,571.5182,45.00,526.5182
460.0,1.000000,0,571.5182,45.00,526.5182
470.0,1.000000,0,571.5181,45.00,526.5181
480.0,1.000000,0,571.5181,45.00,526.5181
490.0,1.000000,0,571.5180,45.00,526.5180
500.0,1.000000,0,571.5180,45.00,526.5180
510.0,1.000000,0,571.5179,45.00,526.5179
520.0,1.000000,0,571.5179,45.00,526.5179
530.0,1.000000,0,571.5178,45.00,526.5178
540.0,1.000000,0,571.5178,45.00,526.5178
550.0,1.000000,0,571.5178,45.00,526.5178
560.0,1.000000,0,571.5177,45.00,526.5177
570.0,1.000000,0,571.5177,45.00,526.5177
580.0,1.000000,0,571.5176,45.00,526.5176
590.0,1.000000,0,571.5176,45.00,526.5176
600.0,1.000000,0,571.5175,45.00,526.5175
610.0,1.000000,0,571.5175,45.00,526.5175
620.0,1.000000,0,571.5174,45.00,526.5174
630.0,1.000000,0,571.5174,45.00,526.5174
640.0,1.000000,0,571.5174,45.00,526.5174
650.0,1.000000,0,571.5173,45.00,526.5173
660.0,1.000000,0,571.5173,45.00,526.5173
670.0,1.000000,0,571.5172,45.00,526.5172
680.0,1.000000,0,571.5172,45.00,526.5172
690.0,1.000000,0,571.5171,45.00,526.5171
700.0,1.000000,0,571.5171,45.00,526.5171
710.0,1.000000,0,571.5170,45.00,526.5170
720.0,1.000000,0,571.5170,45.00,526.5170
730.0,1.000000,0,571.5169,45.00,526.5169
740.0,1.000000,0,571.5169,45.00,526.5169
750.0,1.000000,0,571.5169,45.00,526.5169
760.0,1.000000,0,571.5168,45.00,526.5168
770.0,1.000000,0,571.5168,45.00,526.5168
780.0,1.000000,0,571.5167,45.00,526.5167
790.0,1.000000,0,571.5167,45.00,526.5167
800.0,1.000000,0,571.5166,45.00,526.5166
810.0,1.000000,0,571.5166,45.00,526.5166
820.0,1.000000,0,571.5165,45.00,526.5165
830.0,1.000000,0,571.5165,45.00,526.5165
840.0,1.000000,0,571.5164,45.00,526.5164
850.0,1.000000,0,571.5164,45.00,526.5164
860.0,1.000000,0,571.5164,45.00,526.5164
870.0,1.000000,0,571.5163,45.00,526.5163
880.0,1.000000,0,571.5163,45.00,526.5163
890.0,1.000000,0,571.5162,45.00,526.5162
900.0,1.000000,0,571.5162,45.00,526.5162
910.0,1.000000,0,571.5161,45.00,526.5161
920.0,1.000000,0,571.5161,45.00,526.5161
930.0,1.000000,0,571.5160,45.00,526.5160
940.0,1.000000,0,571.5160,45.00,526.5160
950.0,1.000000,0,571.5159,45.00,526.5159
960.0,1.000000,0,571.5159,45.00,526.5159
970.0,1.000000,0,571.5159,45.00,526.5159
980.0,1.000000,0,571.5158,45.00,526.5158
990.0,1.000000,0,571.5158,45.00,526.5158
1000.0,1.000000,0,571.5157,45.00,526.5157
1010.0,1.000000,0,571.5157,45.00,526.5157
1020.0,1.000000,0,571.5156,45.00,526.5156
1030.0,1.000000,0,571.5156,45.00,526.5156
1040.0,1.000000,0,571.5155,45.00,526.5155
1050.0,1.000000,0,571.5155,45.00,526.5155
1060.0,1.000000,0,571.5154,45.00,526.5154
1070.0,1.000000,0,571.5154,45.00,526.5154
1080.0,1.000000,0,571.5154,45.00,526.5154
1090.0,1.000000,0,571.5153,45.00,526.5153
1100.0,1.000000,0,571.5153,45.00,526.5153
1110.0,1.000000,0,571.5152,45.00,526.5152
1120.0,1.000000,0,571.5152,45.00,526.5152
1130.0,1.000000,0,571.5151,45.00,526.5151
1140.0,1.000000,0,571.5151,45.00,526.5151
1150.0,1.000000,0,571.5150,45.00,526.5150
1160.0,1.000000,0,571.5150,45.00,526.5150
1170.0,1.000000,0,571.5149,45.00,526.5149
1180.0,1.000000,0,571.5149,45.00,526.5149
1190.0,1.000000,0,571.5149,45.00,526.5149
1200.0,1.000000,0,571.5148,45.00,526.5148
1210.0,1.000000,0,571.5148,45.00,526.5148
1220.0,1.000000,0,571.5147,45.00,526.5147
1230.0,1.000000,0,571.5147,45.00,526.5147
1240.0,1.000000,0,571.5146,45.00,526.5146
1250.0,1.000000,0,571.5146,45.00,526.5146
1260.0,1.000000,0,571.5145,45.00,526.5145
1270.0,1.000000,0,571.5145,45.00,526.5145
1280.0,1.000000,0,571.5144,45.00,526.5144
1290.0,1.000000,0,571.5144,45.00,526.5144
1300.0,1.000000,0,571.5144,45.00,526.5144
1310.0,1.000000,0,571.5143,45.00,526.5143
1320.0,1.000000,0,571.5143,45.00,526.5143
1330.0,1.000000,0,571.5142,45.00,526.5142
1340.0,1.000000,0,571.5142,45.00,526.5142
1350.0,0.977219,1,558.4942,45.00,513.4942
1360.0,0.000000,1,0.0000,45.00,-45.0000
1370.0,0.000000,1,0.0000,45.00,-45.0000
1380.0,0.000000,1,0.0000,45.00,-45.0000
1390.0,0.000000,1,0.0000,45.00,-45.0000
1400.0,0.000000,1,0.0000,45.00,-45.0000
1410.0,0.000000,1,0.0000,45.00,-45.0000
1420.0,0.000000,1,0.0000,45.00,-45.0000
1430.0,0.000000,1,0.0000,45.00,-45.0000
1440.0,0.000000,1,0.0000,45.00,-45.0000
1450.0,0.000000,1,0.0000,45.00,-45.0000
1460.0,0.000000,1,0.0000,45.00,-45.0000
1470.0,0.000000,1,0.0000,45.00,-45.0000
1480.0,0.000000,1,0.0000,45.00,-45.0000
1490.0,0.000000,1,0.0000,45.00,-45.0000
1500.0,0.000000,1,0.0000,45.00,-45.0000
1510.0,0.000000,1,0.0000,45.00,-45.0000
1520.0,0.000000,1,0.0000,45.00,-45.0000
1530.0,0.000000,1,0.0000,45.00,-45.0000
1540.0,0.000000,1,0.0000,45.00,-45.0000
1550.0,0.000000,1,0.0000,45.00,-45.0000
1560.0,0.000000,1,0.0000,45.00,-45.0000
1570.0,0.000000,1,0.0000,45.00,-45.0000
1580.0,0.000000,1,0.0000,45.00,-45.0000
1590.0,0.000000,1,0.0000,45.00,-45.0000
1600.0,0.000000,1,0.0000,45.00,-45.0000
1610.0,0.000000,1,0.0000,45.00,-45.0000
1620.0,0.000000,1,0.0000,45.00,-45.0000
1630.0,0.000000,1,0.0000,45.00,-45.0000
1640.0,0.000000,1,0.0000,45.00,-45.0000
1650.0,0.000000,1,0.0000,45.00,-45.0000
1660.0,0.000000,1,0.0000,45.00,-45.0000
1670.0,0.000000,1,0.0000,45.00,-45.0000
1680.0,0.000000,1,0.0000,45.00,-45.0000
1690.0,0.000000,1,0.0000,45.00,-45.0000
1700.0,0.000000,1,0.0000,45.00,-45.0000
1710.0,0.000000,1,0.0000,45.00,-45.0000
1720.0,0.000000,1,0.0000,45.00,-45.0000
1730.0,0.000000,1,0.0000,45.00,-45.0000
1740.0,0.000000,1,0.0000,45.00,-45.0000
1750.0,0.000000,1,0.0000,45.00,-45.0000
1760.0,0.000000,1,0.0000,45.00,-45.0000
1770.0,0.000000,1,0.0000,45.00,-45.0000
1780.0,0.000000,1,0.0000,45.00,-45.0000
1790.0,0.000000,1,0.0000,45.00,-45.0000
1800.0,0.000000,1,0.0000,45.00,-45.0000
1810.0,0.000000,1,0.0000,45.00,-45.0000
1820.0,0.000000,1,0.0000,45.00,-45.0000
1830.0,0.000000,1,0.0000,45.00,-45.0000
1840.0,0.000000,1,0.0000,45.00,-45.0000
1850.0,0.000000,1,0.0000,45.00,-45.0000
1860.0,0.000000,1,0.0000,45.00,-45.0000
1870.0,0.000000,1,0.0000,45.00,-45.0000
1880.0,0.000000,1,0.0000,45.00,-45.0000
1890.0,0.000000,1,0.0000,45.00,-45.0000
1900.0,0.000000,1,0.0000,45.00,-45.0000
1910.0,0.000000,1,0.0000,45.00,-45.0000
1920.0,0.000000,1,0.0000,45.00,-45.0000
1930.0,0.000000,1,0.0000,45.00,-45.0000
1940.0,0.000000,1,0.0000,45.00,-45.0000
1950.0,0.000000,1,0.0000,45.00,-45.0000
1960.0,0.000000,1,0.0000,45.00,-45.0000
1970.0,0.000000,1,0.0000,45.00,-45.0000
1980.0,0.000000,1,0.0000,45.00,-45.0000
1990.0,0.000000,1,0.0000,45.00,-45.0000
2000.0,0.000000,1,0.0000,45.00,-45.0000
2010.0,0.000000,1,0.0000,45.00,-45.0000
2020.0,0.000000,1,0.0000,45.00,-45.0000
2030.0,0.000000,1,0.0000,45.00,-45.0000
2040.0,0.000000,1,0.0000,45.00,-45.0000
2050.0,0.000000,1,0.0000,45.00,-45.0000
2060.0,0.000000,1,0.0000,45.00,-45.0000
2070.0,0.000000,1,0.0000,45.00,-45.0000
2080.0,0.000000,1,0.0000,45.00,-45.0000
2090.0,0.000000,1,0.0000,45.00,-45.0000
2100.0,0.000000,1,0.0000,45.00,-45.0000
2110.0,0.000000,1,0.0000,45.00,-45.0000
2120.0,0.000000,1,0.0000,45.00,-45.0000
2130.0,0.000000,1,0.0000,45.00,-45.0000
2140.0,0.000000,1,0.0000,45.00,-45.0000
2150.0,0.000000,1,0.0000,45.00,-45.0000
2160.0,0.000000,1,0.0000,45.00,-45.0000
2170.0,0.000000,1,0.0000,45.00,-45.0000
2180.0,0.000000,1,0.0000,45.00,-45.0000
2190.0,0.000000,1,0.0000,45.00,-45.0000
2200.0,0.000000,1,0.0000,45.00,-45.0000
2210.0,0.000000,1,0.0000,45.00,-45.0000
2220.0,0.000000,1,0.0000,45.00,-45.0000
2230.0,0.000000,1,0.0000,45.00,-45.0000
2240.0,0.000000,1,0.0000,45.00,-45.0000
2250.0,0.000000,1,0.0000,45.00,-45.0000
2260.0,0.000000,1,0.0000,45.00,-45.0000
2270.0,0.000000,1,0.0000,45.00,-45.0000
2280.0,0.000000,1,0.0000,45.00,-45.0000
2290.0,0.000000,1,0.0000,45.00,-45.0000
2300.0,0.000000,1,0.0000,45.00,-45.0000
2310.0,0.000000,1,0.0000,45.00,-45.0000
2320.0,0.000000,1,0.0000,45.00,-45.0000
2330.0,0.000000,1,0.0000,45.00,-45.0000
2340.0,0.000000,1,0.0000,45.00,-45.0000
2350.0,0.000000,1,0.0000,45.00,-45.0000
2360.0,0.000000,1,0.0000,45.00,-45.0000
2370.0,0.000000,1,0.0000,45.00,-45.0000
2380.0,0.000000,1,0.0000,45.00,-45.0000
2390.0,0.000000,1,0.0000,45.00,-45.0000
2400.0,0.000000,1,0.0000,45.00,-45.0000
2410.0,0.000000,1,0.0000,45.00,-45.0000
2420.0,0.000000,1,0.0000,45.00,-45.0000
2430.0,0.000000,1,0.0000,45.00,-45.0000
2440.0,0.000000,1,0.0000,45.00,-45.0000
2450.0,0.000000,1,0.0000,45.00,-45.0000
2460.0,0.000000,1,0.0000,45.00,-45.0000
2470.0,0.000000,1,0.0000,45.00,-45.0000
2480.0,0.000000,1,0.0000,45.00,-45.0000
2490.0,0.000000,1,0.0000,45.00,-45.0000
2500.0,0.000000,1,0.0000,45.00,-45.0000
2510.0,0.000000,1,0.0000,45.00,-45.0000
2520.0,0.000000,1,0.0000,45.00,-45.0000
2530.0,0.000000,1,0.0000,45.00,-45.0000
2540.0,0.000000,1,0.0000,45.00,-45.0000
2550.0,0.000000,1,0.0000,45.00,-45.0000
2560.0,0.000000,1,0.0000,45.00,-45.0000
2570.0,0.000000,1,0.0000,45.00,-45.0000
2580.0,0.000000,1,0.0000,45.00,-45.0000
2590.0,0.000000,1,0.0000,45.00,-45.0000
2600.0,0.000000,1,0.0000,45.00,-45.0000
2610.0,0.000000,1,0.0000,45.00,-45.0000
2620.0,0.000000,1,0.0000,45.00,-45.0000
2630.0,0.000000,1,0.0000,45.00,-45.0000
2640.0,0.000000,1,0.0000,45.00,-45.0000
2650.0,0.000000,1,0.0000,45.00,-45.0000
2660.0,0.000000,1,0.0000,45.00,-45.0000
2670.0,0.000000,1,0.0000,45.00,-45.0000
2680.0,0.000000,1,0.0000,45.00,-45.0000
2690.0,0.000000,1,0.0000,45.00,-45.0000
2700.0,0.000000,1,0.0000,45.00,-45.0000
2710.0,0.000000,1,0.0000,45.00,-45.0000
2720.0,0.000000,1,0.0000,45.00,-45.0000
2730.0,0.000000,1,0.0000,45.00,-45.0000
2740.0,0.000000,1,0.0000,45.00,-45.0000
2750.0,0.000000,1,0.0000,45.00,-45.0000
2760.0,0.000000,1,0.0000,45.00,-45.0000
2770.0,0.000000,1,0.0000,45.00,-45.0000
2780.0,0.000000,1,0.0000,45.00,-45.0000
2790.0,0.000000,1,0.0000,45.00,-45.0000
2800.0,0.000000,1,0.0000,45.00,-45.0000
2810.0,0.000000,1,0.0000,45.00,-45.0000
2820.0,0.000000,1,0.0000,45.00,-45.0000
2830.0,0.000000,1,0.0000,45.00,-45.0000
2840.0,0.000000,1,0.0000,45.00,-45.0000
2850.0,0.000000,1,0.0000,45.00,-45.0000
2860.0,0.000000,1,0.0000,45.00,-45.0000
2870.0,0.000000,1,0.0000,45.00,-45.0000
2880.0,0.000000,1,0.0000,45.00,-45.0000
2890.0,0.000000,1,0.0000,45.00,-45.0000
2900.0,0.000000,1,0.0000,45.00,-45.0000
2910.0,0.000000,1,0.0000,45.00,-45.0000
2920.0,0.000000,1,0.0000,45.00,-45.0000
2930.0,0.000000,1,0.0000,45.00,-45.0000
2940.0,0.000000,1,0.0000,45.00,-45.0000
2950.0,0.000000,1,0.0000,45.00,-45.0000
2960.0,0.000000,1,0.0000,45.00,-45.0000
2970.0,0.000000,1,0.0000,45.00,-45.0000
2980.0,0.000000,1,0.0000,45.00,-45.0000
2990.0,0.000000,1,0.0000,45.00,-45.0000
3000.0,0.000000,1,0.0000,45.00,-45.0000
3010.0,0.000000,1,0.0000,45.00,-45.0000
3020.0,0.000000,1,0.0000,45.00,-45.0000
3030.0,0.000000,1,0.0000,45.00,-45.0000
3040.0,0.000000,1,0.0000,45.00,-45.0000
3050.0,0.000000,1,0.0000,45.00,-45.0000
3060.0,0.000000,1,0.0000,45.00,-45.0000
3070.0,0.000000,1,0.0000,45.00,-45.0000
3080.0,0.000000,1,0.0000,45.00,-45.0000
3090.0,0.000000,1,0.0000,45.00,-45.0000
3100.0,0.000000,1,0.0000,45.00,-45.0000
3110.0,0.000000,1,0.0000,45.00,-45.0000
3120.0,0.000000,1,0.0000,45.00,-45.0000
3130.0,0.000000,1,0.0000,45.00,-45.0000
3140.0,0.000000,1,0.0000,45.00,-45.0000
3150.0,0.000000,1,0.0000,45.00,-45.0000
3160.0,0.000000,1,0.0000,45.00,-45.0000
3170.0,0.000000,1,0.0000,45.00,-45.0000
3180.0,0.000000,1,0.0000,45.00,-45.0000
3190.0,0.000000,1,0.0000,45.00,-45.0000
3200.0,0.000000,1,0.0000,45.00,-45.0000
3210.0,0.000000,1,0.0000,45.00,-45.0000
3220.0,0.000000,1,0.0000,45.00,-45.0000
3230.0,0.000000,1,0.0000,45.00,-45.0000
3240.0,0.000000,1,0.0000,45.00,-45.0000
3250.0,0.000000,1,0.0000,45.00,-45.0000
3260.0,0.000000,1,0.0000,45.00,-45.0000
3270.0,0.000000,1,0.0000,45.00,-45.0000
3280.0,0.000000,1,0.0000,45.00,-45.0000
3290.0,0.000000,1,0.0000,45.00,-45.0000
3300.0,0.000000,1,0.0000,45.00,-45.0000
3310.0,0.000000,1,0.0000,45.00,-45.0000
3320.0,0.000000,1,0.0000,45.00,-45.0000
3330.0,0.000000,1,0.0000,45.00,-45.0000
3340.0,0.000000,1,0.0000,45.00,-45.0000
3350.0,0.000000,1,0.0000,45.00,-45.0000
3360.0,0.000000,1,0.0000,45.00,-45.0000
3370.0,0.000000,1,0.0000,45.00,-45.0000
3380.0,0.000000,1,0.0000,45.00,-45.0000
3390.0,0.000000,1,0.0000,45.00,-45.0000
3400.0,0.000000,1,0.0000,45.00,-45.0000
3410.0,0.000000,1,0.0000,45.00,-45.0000
3420.0,0.000000,1,0.0000,45.00,-45.0000
3430.0,0.000000,1,0.0000,45.00,-45.0000
3440.0,0.000000,1,0.0000,45.00,-45.0000
3450.0,0.000000,1,0.0000,45.00,-45.0000
3460.0,0.000000,1,0.0000,45.00,-45.0000
3470.0,0.000000,1,0.0000,45.00,-45.0000
3480.0,0.000000,1,0.0000,45.00,-45.0000
3490.0,0.000000,1,0.0000,45.00,-45.0000
3500.0,0.000000,1,0.0000,45.00,-45.0000
3510.0,0.000000,1,0.0000,45.00,-45.0000
3520.0,0.380631,1,217.5321,45.00,172.5321
3530.0,1.000000,0,571.5042,45.00,526.5042
3540.0,1.000000,0,571.5042,45.00,526.5042
3550.0,1.000000,0,571.5042,45.00,526.5042
3560.0,1.000000,0,571.5041,45.00,526.5041
3570.0,1.000000,0,571.5041,45.00,526.5041
3580.0,1.000000,0,571.5040,45.00,526.5040
3590.0,1.000000,0,571.5040,45.00,526.5040
3600.0,1.000000,0,571.5039,45.00,526.5039
3610.0,1.000000,0,571.5039,45.00,526.5039
3620.0,1.000000,0,571.5038,45.00,526.5038
3630.0,1.000000,0,571.5038,45.00,526.5038
3640.0,1.000000,0,571.5037,45.00,526.5037
3650.0,1.000000,0,571.5037,45.00,526.5037
3660.0,1.000000,0,571.5037,45.00,526.5037
3670.0,1.000000,0,571.5036,45.00,526.5036
3680.0,1.000000,0,571.5036,45.00,526.5036
3690.0,1.000000,0,571.5035,45.00,526.5035
3700.0,1.000000,0,571.5035,45.00,526.5035
3710.0,1.000000,0,571.5034,45.00,526.5034
3720.0,1.000000,0,571.5034,45.00,526.5034
3730.0,1.000000,0,571.5033,45.00,526.5033
3740.0,1.000000,0,571.5033,45.00,526.5033
3750.0,1.000000,0,571.5032,45.00,526.5032
3760.0,1.000000,0,571.5032,45.00,526.5032
3770.0,1.000000,0,571.5032,45.00,526.5032
3780.0,1.000000,0,571.5031,45.00,526.5031
3790.0,1.000000,0,571.5031,45.00,526.5031
3800.0,1.000000,0,571.5030,45.00,526.5030
3810.0,1.000000,0,571.5030,45.00,526.5030
3820.0,1.000000,0,571.5029,45.00,526.5029
3830.0,1.000000,0,571.5029,45.00,526.5029
3840.0,1.000000,0,571.5028,45.00,526.5028
3850.0,1.000000,0,571.5028,45.00,526.5028
3860.0,1.000000,0,571.5027,45.00,526.5027
3870.0,1.000000,0,571.5027,45.00,526.5027
3880.0,1.000000,0,571.5027,45.00,526.5027
3890.0,1.000000,0,571.5026,45.00,526.5026
3900.0,1.000000,0,571.5026,45.00,526.5026
3910.0,1.000000,0,571.5025,45.00,526.5025
3920.0,1.000000,0,571.5025,45.00,526.5025
3930.0,1.000000,0,571.5024,45.00,526.5024
3940.0,1.000000,0,571.5024,45.00,526.5024
3950.0,1.000000,0,571.5023,45.00,526.5023
3960.0,1.000000,0,571.5023,45.00,526.5023
3970.0,1.000000,0,571.5022,45.00,526.5022
3980.0,1.000000,0,571.5022,45.00,526.5022
3990.0,1.000000,0,571.5022,45.00,526.5022
4000.0,1.000000,0,571.5021,45.00,526.5021
4010.0,1.000000,0,571.5021,45.00,526.5021
4020.0,1.000000,0,571.5020,45.00,526.5020
4030.0,1.000000,0,571.5020,45.00,526.5020
4040.0,1.000000,0,571.5019,45.00,526.5019
4050.0,1.000000,0,571.5019,45.00,526.5019
4060.0,1.000000,0,571.5018,45.00,526.5018
4070.0,1.000000,0,571.5018,45.00,526.5018
4080.0,1.000000,0,571.5017,45.00,526.5017
4090.0,1.000000,0,571.5017,45.00,526.5017
4100.0,1.000000,0,571.5017,45.00,526.5017
4110.0,1.000000,0,571.5016,45.00,526.5016
4120.0,1.000000,0,571.5016,45.00,526.5016
4130.0,1.000000,0,571.5015,45.00,526.5015
4140.0,1.000000,0,571.5015,45.00,526.5015
4150.0,1.000000,0,571.5014,45.00,526.5014
4160.0,1.000000,0,571.5014,45.00,526.5014
4170.0,1.000000,0,571.5013,45.00,526.5013
4180.0,1.000000,0,571.5013,45.00,526.5013
4190.0,1.000000,0,571.5012,45.00,526.5012
4200.0,1.000000,0,571.5012,45.00,526.5012
4210.0,1.000000,0,571.5012,45.00,526.5012
4220.0,1.000000,0,571.5011,45.00,526.5011
4230.0,1.000000,0,571.5011,45.00,526.5011
4240.0,1.000000,0,571.5010,45.00,526.5010
4250.0,1.000000,0,571.5010,45.00,526.5010
4260.0,1.000000,0,571.5009,45.00,526.5009
4270.0,1.000000,0,571.5009,45.00,526.5009
4280.0,1.000000,0,571.5008,45.00,526.5008
4290.0,1.000000,0,571.5008,45.00,526.5008
4300.0,1.000000,0,571.5007,45.00,526.5007
4310.0,1.000000,0,571.5007,45.00,526.5007
4320.0,1.000000,0,571.5007,45.00,526.5007
4330.0,1.000000,0,571.5006,45.00,526.5006
4340.0,1.000000,0,571.5006,45.00,526.5006
4350.0,1.000000,0,571.5005,45.00,526.5005
4360.0,1.000000,0,571.5005,45.00,526.5005
4370.0,1.000000,0,571.5004,45.00,526.5004
4380.0,1.000000,0,571.5004,45.00,526.5004
4390.0,1.000000,0,571.5003,45.00,526.5003
4400.0,1.000000,0,571.5003,45.00,526.5003
4410.0,1.000000,0,571.5002,45.00,526.5002
4420.0,1.000000,0,571.5002,45.00,526.5002
4430.0,1.000000,0,571.5002,45.00,526.5002
4440.0,1.000000,0,571.5001,45.00,526.5001
4450.0,1.000000,0,571.5001,45.00,526.5001
4460.0,1.000000,0,571.5000,45.00,526.5000
4470.0,1.000000,0,571.5000,45.00,526.5000
4480.0,1.000000,0,571.4999,45.00,526.4999
4490.0,1.000000,0,571.4999,45.00,526.4999
4500.0,1.000000,0,571.4998,45.00,526.4998
4510.0,1.000000,0,571.4998,45.00,526.4998
4520.0,1.000000,0,571.4997,45.00,526.4997
4530.0,1.000000,0,571.4997,45.00,526.4997
4540.0,1.000000,0,571.4997,45.00,526.4997
4550.0,1.000000,0,571.4996,45.00,526.4996
4560.0,1.000000,0,571.4996,45.00,526.4996
4570.0,1.000000,0,571.4995,45.00,526.4995
4580.0,1.000000,0,571.4995,45.00,526.4995
4590.0,1.000000,0,571.4994,45.00,526.4994
4600.0,1.000000,0,571.4994,45.00,526.4994
4610.0,1.000000,0,571.4993,45.00,526.4993
4620.0,1.000000,0,571.4993,45.00,526.4993
4630.0,1.000000,0,571.4992,45.00,526.4992
4640.0,1.000000,0,571.4992,45.00,526.4992
4650.0,1.000000,0,571.4992,45.00,526.4992
4660.0,1.000000,0,571.4991,45.00,526.4991
4670.0,1.000000,0,571.4991,45.00,526.4991
4680.0,1.000000,0,571.4990,45.00,526.4990
4690.0,1.000000,0,571.4990,45.00,526.4990
4700.0,1.000000,0,571.4989,45.00,526.4989
4710.0,1.000000,0,571.4989,45.00,526.4989
4720.0,1.000000,0,571.4988,45.00,526.4988
4730.0,1.000000,0,571.4988,45.00,526.4988
4740.0,1.000000,0,571.4987,45.00,526.4987
4750.0,1.000000,0,571.4987,45.00,526.4987
4760.0,1.000000,0,571.4987,45.00,526.4987
4770.0,1.000000,0,571.4986,45.00,526.4986
4780.0,1.000000,0,571.4986,45.00,526.4986
4790.0,1.000000,0,571.4985,45.00,526.4985
4800.0,1.000000,0,571.4985,45.00,526.4985
4810.0,1.000000,0,571.4984,45.00,526.4984
4820.0,1.000000,0,571.4984,45.00,526.4984
4830.0,1.000000,0,571.4983,45.00,526.4983
4840.0,1.000000,0,571.4983,45.00,526.4983
4850.0,1.000000,0,571.4982,45.00,526.4982
4860.0,1.000000,0,571.4982,45.00,526.4982
4870.0,1.000000,0,571.4982,45.00,526.4982
4880.0,1.000000,0,571.4981,45.00,526.4981
4890.0,1.000000,0,571.4981,45.00,526.4981
4900.0,1.000000,0,571.4980,45.00,526.4980
4910.0,1.000000,0,571.4980,45.00,526.4980
4920.0,1.000000,0,571.4979,45.00,526.4979
4930.0,1.000000,0,571.4979,45.00,526.4979
4940.0,1.000000,0,571.4978,45.00,526.4978
4950.0,1.000000,0,571.4978,45.00,526.4978
4960.0,1.000000,0,571.4977,45.00,526.4977
4970.0,1.000000,0,571.4977,45.00,526.4977
4980.0,1.000000,0,571.4977,45.00,526.4977
4990.0,1.000000,0,571.4976,45.00,526.4976
5000.0,1.000000,0,571.4976,45.00,526.4976
5010.0,1.000000,0,571.4975,45.00,526.4975
5020.0,1.000000,0,571.4975,45.00,526.4975
5030.0,1.000000,0,571.4974,45.00,526.4974
5040.0,1.000000,0,571.4974,45.00,526.4974
5050.0,1.000000,0,571.4973,45.00,526.4973
5060.0,1.000000,0,571.4973,45.00,526.4973
5070.0,1.000000,0,571.4972,45.00,526.4972
5080.0,1.000000,0,571.4972,45.00,526.4972
5090.0,1.000000,0,571.4972,45.00,526.4972
5100.0,1.000000,0,571.4971,45.00,526.4971
5110.0,1.000000,0,571.4971,45.00,526.4971
5120.0,1.000000,0,571.4970,45.00,526.4970
5130.0,1.000000,0,571.4970,45.00,526.4970
5140.0,1.000000,0,571.4969,45.00,526.4969
5150.0,1.000000,0,571.4969,45.00,526.4969
5160.0,1.000000,0,571.4968,45.00,526.4968
5170.0,1.000000,0,571.4968,45.00,526.4968
5180.0,1.000000,0,571.4968,45.00,526.4968
5190.0,1.000000,0,571.4967,45.00,526.4967
5200.0,1.000000,0,571.4967,45.00,526.4967
5210.0,1.000000,0,571.4966,45.00,526.4966
5220.0,1.000000,0,571.4966,45.00,526.4966
5230.0,1.000000,0,571.4965,45.00,526.4965
5240.0,1.000000,0,571.4965,45.00,526.4965
5250.0,1.000000,0,571.4964,45.00,526.4964
5260.0,1.000000,0,571.4964,45.00,526.4964
5270.0,1.000000,0,571.4963,45.00,526.4963
5280.0,1.000000,0,571.4963,45.00,526.4963
5290.0,1.000000,0,571.4963,45.00,526.4963
5300.0,1.000000,0,571.4962,45.00,526.4962
5310.0,1.000000,0,571.4962,45.00,526.4962
5320.0,1.000000,0,571.4961,45.00,526.4961
5330.0,1.000000,0,571.4961,45.00,526.4961
5340.0,1.000000,0,571.4960,45.00,526.4960
5350.0,1.000000,0,571.4960,45.00,526.4960
5360.0,1.000000,0,571.4959,45.00,526.4959
5370.0,1.000000,0,571.4959,45.00,526.4959
5380.0,1.000000,0,571.4958,45.00,526.4958
5390.0,1.000000,0,571.4958,45.00,526.4958
5400.0,1.000000,0,571.4958,45.00,526.4958
5410.0,1.000000,0,571.4957,45.00,526.4957
5420.0,1.000000,0,571.4957,45.00,526.4957
5430.0,1.000000,0,571.4956,45.00,526.4956
5440.0,1.000000,0,571.4956,45.00,526.4956
5450.0,1.000000,0,571.4955,45.00,526.4955
5460.0,1.000000,0,571.4955,45.00,526.4955
5470.0,1.000000,0,571.4954,45.00,526.4954
5480.0,1.000000,0,571.4954,45.00,526.4954
5490.0,1.000000,0,571.4953,45.00,526.4953
5500.0,1.000000,0,571.4953,45.00,526.4953
5510.0,1.000000,0,571.4953,45.00,526.4953
5520.0,1.000000,0,571.4952,45.00,526.4952
5530.0,1.000000,0,571.4952,45.00,526.4952
5540.0,1.000000,0,571.4951,45.00,526.4951
5550.0,1.000000,0,571.4951,45.00,526.4951
5560.0,1.000000,0,571.4950,45.00,526.4950
5570.0,1.000000,0,571.4950,45.00,526.4950
5580.0,1.000000,0,571.4949,45.00,526.4949
5590.0,1.000000,0,571.4949,45.00,526.4949
5600.0,1.000000,0,571.4948,45.00,526.4948
5610.0,1.000000,0,571.4948,45.00,526.4948
5620.0,1.000000,0,571.4948,45.00,526.4948
5630.0,1.000000,0,571.4947,45.00,526.4947
5640.0,1.000000,0,571.4947,45.00,526.4947
5650.0,1.000000,0,571.4946,45.00,526.4946
5660.0,1.000000,0,571.4946,45.00,526.4946
5670.0,1.000000,0,571.4945,45.00,526.4945
5680.0,1.000000,0,571.4945,45.00,526.4945
5690.0,1.000000,0,571.4944,45.00,526.4944
5700.0,1.000000,0,571.4944,45.00,526.4944
5710.0,1.000000,0,571.4943,45.00,526.4943
5720.0,1.000000,0,571.4943,45.00,526.4943
5730.0,1.000000,0,571.4943,45.00,526.4943
5740.0,1.000000,0,571.4942,45.00,526.4942
5750.0,1.000000,0,571.4942,45.00,526.4942
5760.0,1.000000,0,571.4941,45.00,526.4941
5770.0,1.000000,0,571.4941,45.00,526.4941
5780.0,1.000000,0,571.4940,45.00,526.4940
5790.0,1.000000,0,571.4940,45.00,526.4940
5800.0,1.000000,0,571.4939,45.00,526.4939
5810.0,1.000000,0,571.4939,45.00,526.4939
5820.0,1.000000,0,571.4938,45.00,526.4938
5830.0,1.000000,0,571.4938,45.00,526.4938
5840.0,1.000000,0,571.4938,45.00,526.4938
5850.0,1.000000,0,571.4937,45.00,526.4937
5860.0,1.000000,0,571.4937,45.00,526.4937
5870.0,1.000000,0,571.4936,45.00,526.4936
5880.0,1.000000,0,571.4936,45.00,526.4936
5890.0,1.000000,0,571.4935,45.00,526.4935
5900.0,1.000000,0,571.4935,45.00,526.4935
5910.0,1.000000,0,571.4934,45.00,526.4934
5920.0,1.000000,0,571.4934,45.00,526.4934
5930.0,1.000000,0,571.4933,45.00,526.4933
5940.0,1.000000,0,571.4933,45.00,526.4933
5950.0,1.000000,0,571.4933,45.00,526.4933
5960.0,1.000000,0,571.4932,45.00,526.4932
5970.0,1.000000,0,571.4932,45.00,526.4932
5980.0,1.000000,0,571.4931,45.00,526.4931
5990.0,1.000000,0,571.4931,45.00,526.4931
6000.0,1.000000,0,571.4930,45.00,526.4930
6010.0,1.000000,0,571.4930,45.00,526.4930
6020.0,1.000000,0,571.4929,45.00,526.4929
6030.0,1.000000,0,571.4929,45.00,526.4929
6040.0,1.000000,0,571.4928,45.00,526.4928
6050.0,1.000000,0,571.4928,45.00,526.4928
6060.0,1.000000,0,571.4928,45.00,526.4928
6070.0,1.000000,0,571.4927,45.00,526.4927
6080.0,1.000000,0,571.4927,45.00,526.4927
6090.0,1.000000,0,571.4926,45.00,526.4926
6100.0,1.000000,0,571.4926,45.00,526.4926
6110.0,1.000000,0,571.4925,45.00,526.4925
6120.0,1.000000,0,571.4925,45.00,526.4925
6130.0,1.000000,0,571.4924,45.00,526.4924
6140.0,1.000000,0,571.4924,45.00,526.4924
6150.0,1.000000,0,571.4923,45.00,526.4923
6160.0,1.000000,0,571.4923,45.00,526.4923
6170.0,1.000000,0,571.4923,45.00,526.4923
6180.0,1.000000,0,571.4922,45.00,526.4922
6190.0,1.000000,0,571.4922,45.00,526.4922
6200.0,1.000000,0,571.4921,45.00,526.4921
6210.0,1.000000,0,571.4921,45.00,526.4921
6220.0,1.000000,0,571.4920,45.00,526.4920
6230.0,1.000000,0,571.4920,45.00,526.4920
6240.0,1.000000,0,571.4919,45.00,526.4919
6250.0,1.000000,0,571.4919,45.00,526.4919
6260.0,1.000000,0,571.4918,45.00,526.4918
6270.0,1.000000,0,571.4918,45.00,526.4918
6280.0,1.000000,0,571.4918,45.00,526.4918
6290.0,1.000000,0,571.4917,45.00,526.4917
6300.0,1.000000,0,571.4917,45.00,526.4917
6310.0,1.000000,0,571.4916,45.00,526.4916
6320.0,1.000000,0,571.4916,45.00,526.4916
6330.0,1.000000,0,571.4915,45.00,526.4915
6340.0,1.000000,0,571.4915,45.00,526.4915
6350.0,1.000000,0,571.4914,45.00,526.4914
6360.0,1.000000,0,571.4914,45.00,526.4914
6370.0,1.000000,0,571.4913,45.00,526.4913
6380.0,1.000000,0,571.4913,45.00,526.4913
6390.0,1.000000,0,571.4913,45.00,526.4913
6400.0,1.000000,0,571.4912,45.00,526.4912
6410.0,1.000000,0,571.4912,45.00,526.4912
6420.0,1.000000,0,571.4911,45.00,526.4911
6430.0,1.000000,0,571.4911,45.00,526.4911
6440.0,1.000000,0,571.4910,45.00,526.4910
6450.0,1.000000,0,571.4910,45.00,526.4910
6460.0,1.000000,0,571.4909,45.00,526.4909
6470.0,1.000000,0,571.4909,45.00,526.4909
6480.0,1.000000,0,571.4908,45.00,526.4908
6490.0,1.000000,0,571.4908,45.00,526.4908
6500.0,1.000000,0,571.4908,45.00,526.4908
6510.0,1.000000,0,571.4907,45.00,526.4907
6520.0,1.000000,0,571.4907,45.00,526.4907
6530.0,1.000000,0,571.4906,45.00,526.4906
6540.0,1.000000,0,571.4906,45.00,526.4906
6550.0,1.000000,0,571.4905,45.00,526.4905
6560.0,1.000000,0,571.4905,45.00,526.4905
6570.0,1.000000,0,571.4904,45.00,526.4904
6580.0,1.000000,0,571.4904,45.00,526.4904
6590.0,1.000000,0,571.4903,45.00,526.4903
6600.0,1.000000,0,571.4903,45.00,526.4903
6610.0,1.000000,0,571.4903,45.00,526.4903
6620.0,1.000000,0,571.4902,45.00,526.4902
6630.0,1.000000,0,571.4902,45.00,526.4902
6640.0,1.000000,0,571.4901,45.00,526.4901
6650.0,1.000000,0,571.4901,45.00,526.4901
6660.0,1.000000,0,571.4900,45.00,526.4900
6670.0,1.000000,0,571.4900,45.00,526.4900
6680.0,1.000000,0,571.4899,45.00,526.4899
6690.0,1.000000,0,571.4899,45.00,526.4899
6700.0,1.000000,0,571.4898,45.00,526.4898
6710.0,1.000000,0,571.4898,45.00,526.4898
6720.0,1.000000,0,571.4898,45.00,526.4898
6730.0,1.000000,0,571.4897,45.00,526.4897
6740.0,1.000000,0,571.4897,45.00,526.4897
6750.0,1.000000,0,571.4896,45.00,526.4896
6760.0,1.000000,0,571.4896,45.00,526.4896
6770.0,1.000000,0,571.4895,45.00,526.4895
6780.0,1.000000,0,571.4895,45.00,526.4895
6790.0,1.000000,0,571.4894,45.00,526.4894
6800.0,1.000000,0,571.4894,45.00,526.4894
6810.0,1.000000,0,571.4893,45.00,526.4893
6820.0,1.000000,0,571.4893,45.00,526.4893
6830.0,1.000000,0,571.4893,45.00,526.4893
6840.0,1.000000,0,571.4892,45.00,526.4892
6850.0,1.000000,0,571.4892,45.00,526.4892
6860.0,1.000000,0,571.4891,45.00,526.4891
6870.0,1.000000,0,571.4891,45.00,526.4891
6880.0,1.000000,0,571.4890,45.00,526.4890
6890.0,1.000000,0,571.4890,45.00,526.4890
6900.0,1.000000,0,571.4889,45.00,526.4889
6910.0,1.000000,0,571.4889,45.00,526.4889
6920.0,1.000000,0,571.4888,45.00,526.4888
6930.0,1.000000,0,571.4888,45.00,526.4888
6940.0,1.000000,0,571.4888,45.00,526.4888
6950.0,1.000000,0,571.4887,45.00,526.4887
6960.0,1.000000,0,571.4887,45.00,526.4887
6970.0,1.000000,0,571.4886,45.00,526.4886
6980.0,1.000000,0,571.4886,45.00,526.4886
6990.0,1.000000,0,571.4885,45.00,526.4885
7000.0,1.000000,0,571.4885,45.00,526.4885
7010.0,1.000000,0,571.4884,45.00,526.4884
7020.0,1.000000,0,571.4884,45.00,526.4884
7030.0,1.000000,0,571.4883,45.00,526.4883
7040.0,1.000000,0,571.4883,45.00,526.4883
7050.0,1.000000,0,571.4883,45.00,526.4883
7060.0,1.000000,0,571.4882,45.00,526.4882
7070.0,1.000000,0,571.4882,45.00,526.4882
7080.0,1.000000,0,571.4881,45.00,526.4881
7090.0,1.000000,0,571.4881,45.00,526.4881
7100.0,0.565835,1,323.3679,45.00,278.3679
7110.0,0.000000,1,0.0000,45.00,-45.0000
7120.0,0.000000,1,0.0000,45.00,-45.0000
7130.0,0.000000,1,0.0000,45.00,-45.0000
7140.0,0.000000,1,0.0000,45.00,-45.0000
7150.0,0.000000,1,0.0000,45.00,-45.0000
7160.0,0.000000,1,0.0000,45.00,-45.0000
7170.0,0.000000,1,0.0000,45.00,-45.0000
7180.0,0.000000,1,0.0000,45.00,-45.0000
7190.0,0.000000,1,0.0000,45.00,-45.0000
7200.0,0.000000,1,0.0000,45.00,-45.0000
7210.0,0.000000,1,0.0000,45.00,-45.0000
7220.0,0.000000,1,0.0000,45.00,-45.0000
7230.0,0.000000,1,0.0000,45.00,-45.0000
7240.0,0.000000,1,0.0000,45.00,-45.0000
7250.0,0.000000,1,0.0000,45.00,-45.0000
7260.0,0.000000,1,0.0000,45.00,-45.0000
7270.0,0.000000,1,0.0000,45.00,-45.0000
7280.0,0.000000,1,0.0000,45.00,-45.0000
7290.0,0.000000,1,0.0000,45.00,-45.0000
7300.0,0.000000,1,0.0000,45.00,-45.0000
7310.0,0.000000,1,0.0000,45.00,-45.0000
7320.0,0.000000,1,0.0000,45.00,-45.0000
7330.0,0.000000,1,0.0000,45.00,-45.0000
7340.0,0.000000,1,0.0000,45.00,-45.0000
7350.0,0.000000,1,0.0000,45.00,-45.0000
7360.0,0.000000,1,0.0000,45.00,-45.0000
7370.0,0.000000,1,0.0000,45.00,-45.0000
7380.0,0.000000,1,0.0000,45.00,-45.0000
7390.0,0.000000,1,0.0000,45.00,-45.0000
7400.0,0.000000,1,0.0000,45.00,-45.0000
7410.0,0.000000,1,0.0000,45.00,-45.0000
7420.0,0.000000,1,0.0000,45.00,-45.0000
7430.0,0.000000,1,0.0000,45.00,-45.0000
7440.0,0.000000,1,0.0000,45.00,-45.0000
7450.0,0.000000,1,0.0000,45.00,-45.0000
7460.0,0.000000,1,0.0000,45.00,-45.0000
7470.0,0.000000,1,0.0000,45.00,-45.0000
7480.0,0.000000,1,0.0000,45.00,-45.0000
7490.0,0.000000,1,0.0000,45.00,-45.0000
7500.0,0.000000,1,0.0000,45.00,-45.0000
7510.0,0.000000,1,0.0000,45.00,-45.0000
7520.0,0.000000,1,0.0000,45.00,-45.0000
7530.0,0.000000,1,0.0000,45.00,-45.0000
7540.0,0.000000,1,0.0000,45.00,-45.0000
7550.0,0.000000,1,0.0000,45.00,-45.0000
7560.0,0.000000,1,0.0000,45.00,-45.0000
7570.0,0.000000,1,0.0000,45.00,-45.0000
7580.0,0.000000,1,0.0000,45.00,-45.0000
7590.0,0.000000,1,0.0000,45.00,-45.0000
7600.0,0.000000,1,0.0000,45.00,-45.0000
7610.0,0.000000,1,0.0000,45.00,-45.0000
7620.0,0.000000,1,0.0000,45.00,-45.0000
7630.0,0.000000,1,0.0000,45.00,-45.0000
7640.0,0.000000,1,0.0000,45.00,-45.0000
7650.0,0.000000,1,0.0000,45.00,-45.0000
7660.0,0.000000,1,0.0000,45.00,-45.0000
7670.0,0.000000,1,0.0000,45.00,-45.0000
7680.0,0.000000,1,0.0000,45.00,-45.0000
7690.0,0.000000,1,0.0000,45.00,-45.0000
7700.0,0.000000,1,0.0000,45.00,-45.0000
7710.0,0.000000,1,0.0000,45.00,-45.0000
7720.0,0.000000,1,0.0000,45.00,-45.0000
7730.0,0.000000,1,0.0000,45.00,-45.0000
7740.0,0.000000,1,0.0000,45.00,-45.0000
7750.0,0.000000,1,0.0000,45.00,-45.0000
7760.0,0.000000,1,0.0000,45.00,-45.0000
7770.0,0.000000,1,0.0000,45.00,-45.0000
7780.0,0.000000,1,0.0000,45.00,-45.0000
7790.0,0.000000,1,0.0000,45.00,-45.0000
7800.0,0.000000,1,0.0000,45.00,-45.0000
7810.0,0.000000,1,0.0000,45.00,-45.0000
7820.0,0.000000,1,0.0000,45.00,-45.0000
7830.0,0.000000,1,0.0000,45.00,-45.0000
7840.0,0.000000,1,0.0000,45.00,-45.0000
7850.0,0.000000,1,0.0000,45.00,-45.0000
7860.0,0.000000,1,0.0000,45.00,-45.0000
7870.0,0.000000,1,0.0000,45.00,-45.0000
7880.0,0.000000,1,0.0000,45.00,-45.0000
7890.0,0.000000,1,0.0000,45.00,-45.0000
7900.0,0.000000,1,0.0000,45.00,-45.0000
7910.0,0.000000,1,0.0000,45.00,-45.0000
7920.0,0.000000,1,0.0000,45.00,-45.0000
7930.0,0.000000,1,0.0000,45.00,-45.0000
7940.0,0.000000,1,0.0000,45.00,-45.0000
7950.0,0.000000,1,0.0000,45.00,-45.0000
7960.0,0.000000,1,0.0000,45.00,-45.0000
7970.0,0.000000,1,0.0000,45.00,-45.0000
7980.0,0.000000,1,0.0000,45.00,-45.0000
7990.0,0.000000,1,0.0000,45.00,-45.0000
8000.0,0.000000,1,0.0000,45.00,-45.0000
8010.0,0.000000,1,0.0000,45.00,-45.0000
8020.0,0.000000,1,0.0000,45.00,-45.0000
8030.0,0.000000,1,0.0000,45.00,-45.0000
8040.0,0.000000,1,0.0000,45.00,-45.0000
8050.0,0.000000,1,0.0000,45.00,-45.0000
8060.0,0.000000,1,0.0000,45.00,-45.0000
8070.0,0.000000,1,0.0000,45.00,-45.0000
8080.0,0.000000,1,0.0000,45.00,-45.0000
8090.0,0.000000,1,0.0000,45.00,-45.0000
8100.0,0.000000,1,0.0000,45.00,-45.0000
8110.0,0.000000,1,0.0000,45.00,-45.0000
8120.0,0.000000,1,0.0000,45.00,-45.0000
8130.0,0.000000,1,0.0000,45.00,-45.0000
8140.0,0.000000,1,0.0000,45.00,-45.0000
8150.0,0.000000,1,0.0000,45.00,-45.0000
8160.0,0.000000,1,0.0000,45.00,-45.0000
8170.0,0.000000,1,0.0000,45.00,-45.0000
8180.0,0.000000,1,0.0000,45.00,-45.0000
8190.0,0.000000,1,0.0000,45.00,-45.0000
8200.0,0.000000,1,0.0000,45.00,-45.0000
8210.0,0.000000,1,0.0000,45.00,-45.0000
8220.0,0.000000,1,0.0000,45.00,-45.0000
8230.0,0.000000,1,0.0000,45.00,-45.0000
8240.0,0.000000,1,0.0000,45.00,-45.0000
8250.0,0.000000,1,0.0000,45.00,-45.0000
8260.0,0.000000,1,0.0000,45.00,-45.0000
8270.0,0.000000,1,0.0000,45.00,-45.0000
8280.0,0.000000,1,0.0000,45.00,-45.0000
8290.0,0.000000,1,0.0000,45.00,-45.0000
8300.0,0.000000,1,0.0000,45.00,-45.0000
8310.0,0.000000,1,0.0000,45.00,-45.0000
8320.0,0.000000,1,0.0000,45.00,-45.0000
8330.0,0.000000,1,0.0000,45.00,-45.0000
8340.0,0.000000,1,0.0000,45.00,-45.0000
8350.0,0.000000,1,0.0000,45.00,-45.0000
8360.0,0.000000,1,0.0000,45.00,-45.0000
8370.0,0.000000,1,0.0000,45.00,-45.0000
8380.0,0.000000,1,0.0000,45.00,-45.0000
8390.0,0.000000,1,0.0000,45.00,-45.0000
8400.0,0.000000,1,0.0000,45.00,-45.0000
8410.0,0.000000,1,0.0000,45.00,-45.0000
8420.0,0.000000,1,0.0000,45.00,-45.0000
8430.0,0.000000,1,0.0000,45.00,-45.0000
8440.0,0.000000,1,0.0000,45.00,-45.0000
8450.0,0.000000,1,0.0000,45.00,-45.0000
8460.0,0.000000,1,0.0000,45.00,-45.0000
8470.0,0.000000,1,0.0000,45.00,-45.0000
8480.0,0.000000,1,0.0000,45.00,-45.0000
8490.0,0.000000,1,0.0000,45.00,-45.0000
8500.0,0.000000,1,0.0000,45.00,-45.0000
8510.0,0.000000,1,0.0000,45.00,-45.0000
8520.0,0.000000,1,0.0000,45.00,-45.0000
8530.0,0.000000,1,0.0000,45.00,-45.0000
8540.0,0.000000,1,0.0000,45.00,-45.0000
8550.0,0.000000,1,0.0000,45.00,-45.0000
8560.0,0.000000,1,0.0000,45.00,-45.0000
8570.0,0.000000,1,0.0000,45.00,-45.0000
8580.0,0.000000,1,0.0000,45.00,-45.0000
8590.0,0.000000,1,0.0000,45.00,-45.0000
8600.0,0.000000,1,0.0000,45.00,-45.0000
8610.0,0.000000,1,0.0000,45.00,-45.0000
8620.0,0.000000,1,0.0000,45.00,-45.0000
8630.0,0.000000,1,0.0000,45.00,-45.0000
8640.0,0.000000,1,0.0000,45.00,-45.0000
8650.0,0.000000,1,0.0000,45.00,-45.0000
8660.0,0.000000,1,0.0000,45.00,-45.0000
8670.0,0.000000,1,0.0000,45.00,-45.0000
8680.0,0.000000,1,0.0000,45.00,-45.0000
8690.0,0.000000,1,0.0000,45.00,-45.0000
8700.0,0.000000,1,0.0000,45.00,-45.0000
8710.0,0.000000,1,0.0000,45.00,-45.0000
8720.0,0.000000,1,0.0000,45.00,-45.0000
8730.0,0.000000,1,0.0000,45.00,-45.0000
8740.0,0.000000,1,0.0000,45.00,-45.0000
8750.0,0.000000,1,0.0000,45.00,-45.0000
8760.0,0.000000,1,0.0000,45.00,-45.0000
8770.0,0.000000,1,0.0000,45.00,-45.0000
8780.0,0.000000,1,0.0000,45.00,-45.0000
8790.0,0.000000,1,0.0000,45.00,-45.0000
8800.0,0.000000,1,0.0000,45.00,-45.0000
8810.0,0.000000,1,0.0000,45.00,-45.0000
8820.0,0.000000,1,0.0000,45.00,-45.0000
8830.0,0.000000,1,0.0000,45.00,-45.0000
8840.0,0.000000,1,0.0000,45.00,-45.0000
8850.0,0.000000,1,0.0000,45.00,-45.0000
8860.0,0.000000,1,0.0000,45.00,-45.0000
8870.0,0.000000,1,0.0000,45.00,-45.0000
8880.0,0.000000,1,0.0000,45.00,-45.0000
8890.0,0.000000,1,0.0000,45.00,-45.0000
8900.0,0.000000,1,0.0000,45.00,-45.0000
8910.0,0.000000,1,0.0000,45.00,-45.0000
8920.0,0.000000,1,0.0000,45.00,-45.0000
8930.0,0.000000,1,0.0000,45.00,-45.0000
8940.0,0.000000,1,0.0000,45.00,-45.0000
8950.0,0.000000,1,0.0000,45.00,-45.0000
8960.0,0.000000,1,0.0000,45.00,-45.0000
8970.0,0.000000,1,0.0000,45.00,-45.0000
8980.0,0.000000,1,0.0000,45.00,-45.0000
8990.0,0.000000,1,0.0000,45.00,-45.0000
9000.0,0.000000,1,0.0000,45.00,-45.0000
9010.0,0.000000,1,0.0000,45.00,-45.0000
9020.0,0.000000,1,0.0000,45.00,-45.0000
9030.0,0.000000,1,0.0000,45.00,-45.0000
9040.0,0.000000,1,0.0000,45.00,-45.0000
9050.0,0.000000,1,0.0000,45.00,-45.0000
9060.0,0.000000,1,0.0000,45.00,-45.0000
9070.0,0.000000,1,0.0000,45.00,-45.0000
9080.0,0.000000,1,0.0000,45.00,-45.0000
9090.0,0.000000,1,0.0000,45.00,-45.0000
9100.0,0.000000,1,0.0000,45.00,-45.0000
9110.0,0.000000,1,0.0000,45.00,-45.0000
9120.0,0.000000,1,0.0000,45.00,-45.0000
9130.0,0.000000,1,0.0000,45.00,-45.0000
9140.0,0.000000,1,0.0000,45.00,-45.0000
9150.0,0.000000,1,0.0000,45.00,-45.0000
9160.0,0.000000,1,0.0000,45.00,-45.0000
9170.0,0.000000,1,0.0000,45.00,-45.0000
9180.0,0.000000,1,0.0000,45.00,-45.0000
9190.0,0.000000,1,0.0000,45.00,-45.0000
9200.0,0.000000,1,0.0000,45.00,-45.0000
9210.0,0.000000,1,0.0000,45.00,-45.0000
9220.0,0.000000,1,0.0000,45.00,-45.0000
9230.0,0.000000,1,0.0000,45.00,-45.0000
9240.0,0.000000,1,0.0000,45.00,-45.0000
9250.0,0.000000,1,0.0000,45.00,-45.0000
9260.0,0.000000,1,0.0000,45.00,-45.0000
9270.0,0.858344,1,490.5247,45.00,445.5247
9280.0,1.000000,0,571.4781,45.00,526.4781
9290.0,1.000000,0,571.4781,45.00,526.4781
9300.0,1.000000,0,571.4780,45.00,526.4780
9310.0,1.000000,0,571.4780,45.00,526.4780
9320.0,1.000000,0,571.4779,45.00,526.4779
9330.0,1.000000,0,571.4779,45.00,526.4779
9340.0,1.000000,0,571.4778,45.00,526.4778
9350.0,1.000000,0,571.4778,45.00,526.4778
9360.0,1.000000,0,571.4778,45.00,526.4778
9370.0,1.000000,0,571.4777,45.00,526.4777
9380.0,1.000000,0,571.4777,45.00,526.4777
9390.0,1.000000,0,571.4776,45.00,526.4776
9400.0,1.000000,0,571.4776,45.00,526.4776
9410.0,1.000000,0,571.4775,45.00,526.4775
9420.0,1.000000,0,571.4775,45.00,526.4775
9430.0,1.000000,0,571.4774,45.00,526.4774
9440.0,1.000000,0,571.4774,45.00,526.4774
9450.0,1.000000,0,571.4773,45.00,526.4773
9460.0,1.000000,0,571.4773,45.00,526.4773
9470.0,1.000000,0,571.4773,45.00,526.4773
9480.0,1.000000,0,571.4772,45.00,526.4772
9490.0,1.000000,0,571.4772,45.00,526.4772
9500.0,1.000000,0,571.4771,45.00,526.4771
9510.0,1.000000,0,571.4771,45.00,526.4771
9520.0,1.000000,0,571.4770,45.00,526.4770
9530.0,1.000000,0,571.4770,45.00,526.4770
9540.0,1.000000,0,571.4769,45.00,526.4769
9550.0,1.000000,0,571.4769,45.00,526.4769
9560.0,1.000000,0,571.4768,45.00,526.4768
9570.0,1.000000,0,571.4768,45.00,526.4768
9580.0,1.000000,0,571.4768,45.00,526.4768
9590.0,1.000000,0,571.4767,45.00,526.4767
9600.0,1.000000,0,571.4767,45.00,526.4767
9610.0,1.000000,0,571.4766,45.00,526.4766
9620.0,1.000000,0,571.4766,45.00,526.4766
9630.0,1.000000,0,571.4765,45.00,526.4765
9640.0,1.000000,0,571.4765,45.00,526.4765
9650.0,1.000000,0,571.4764,45.00,526.4764
9660.0,1.000000,0,571.4764,45.00,526.4764
9670.0,1.000000,0,571.4763,45.00,526.4763
9680.0,1.000000,0,571.4763,45.00,526.4763
9690.0,1.000000,0,571.4763,45.00,526.4763
9700.0,1.000000,0,571.4762,45.00,526.4762
9710.0,1.000000,0,571.4762,45.00,526.4762
9720.0,1.000000,0,571.4761,45.00,526.4761
9730.0,1.000000,0,571.4761,45.00,526.4761
9740.0,1.000000,0,571.4760,45.00,526.4760
9750.0,1.000000,0,571.4760,45.00,526.4760
9760.0,1.000000,0,571.4759,45.00,526.4759
9770.0,1.000000,0,571.4759,45.00,526.4759
9780.0,1.000000,0,571.4758,45.00,526.4758
9790.0,1.000000,0,571.4758,45.00,526.4758
9800.0,1.000000,0,571.4758,45.00,526.4758
9810.0,1.000000,0,571.4757,45.00,526.4757
9820.0,1.000000,0,571.4757,45.00,526.4757
9830.0,1.000000,0,571.4756,45.00,526.4756
9840.0,1.000000,0,571.4756,45.00,526.4756
9850.0,1.000000,0,571.4755,45.00,526.4755
9860.0,1.000000,0,571.4755,45.00,526.4755
9870.0,1.000000,0,571.4754,45.00,526.4754
9880.0,1.000000,0,571.4754,45.00,526.4754
9890.0,1.000000,0,571.4753,45.00,526.4753
9900.0,1.000000,0,571.4753,45.00,526.4753
9910.0,1.000000,0,571.4753,45.00,526.4753
9920.0,1.000000,0,571.4752,45.00,526.4752
9930.0,1.000000,0,571.4752,45.00,526.4752
9940.0,1.000000,0,571.4751,45.00,526.4751
9950.0,1.000000,0,571.4751,45.00,526.4751
9960.0,1.000000,0,571.4750,45.00,526.4750
9970.0,1.000000,0,571.4750,45.00,526.4750
9980.0,1.000000,0,571.4749,45.00,526.4749
9990.0,1.000000,0,571.4749,45.00,526.4749
10000.0,1.000000,0,571.4748,45.00,526.4748
10010.0,1.000000,0,571.4748,45.00,526.4748
10020.0,1.000000,0,571.4748,45.00,526.4748
10030.0,1.000000,0,571.4747,45.00,526.4747
10040.0,1.000000,0,571.4747,45.00,526.4747
10050.0,1.000000,0,571.4746,45.00,526.4746
10060.0,1.000000,0,571.4746,45.00,526.4746
10070.0,1.000000,0,571.4745,45.00,526.4745
10080.0,1.000000,0,571.4745,45.00,526.4745
10090.0,1.000000,0,571.4744,45.00,526.4744
10100.0,1.000000,0,571.4744,45.00,526.4744
10110.0,1.000000,0,571.4743,45.00,526.4743
10120.0,1.000000,0,571.4743,45.00,526.4743
10130.0,1.000000,0,571.4742,45.00,526.4742
10140.0,1.000000,0,571.4742,45.00,526.4742
10150.0,1.000000,0,571.4742,45.00,526.4742
10160.0,1.000000,0,571.4741,45.00,526.4741
10170.0,1.000000,0,571.4741,45.00,526.4741
10180.0,1.000000,0,571.4740,45.00,526.4740
10190.0,1.000000,0,571.4740,45.00,526.4740
10200.0,1.000000,0,571.4739,45.00,526.4739
10210.0,1.000000,0,571.4739,45.00,526.4739
10220.0,1.000000,0,571.4738,45.00,526.4738
10230.0,1.000000,0,571.4738,45.00,526.4738
10240.0,1.000000,0,571.4737,45.00,526.4737
10250.0,1.000000,0,571.4737,45.00,526.4737
10260.0,1.000000,0,571.4737,45.00,526.4737
10270.0,1.000000,0,571.4736,45.00,526.4736
10280.0,1.000000,0,571.4736,45.00,526.4736
10290.0,1.000000,0,571.4735,45.00,526.4735
10300.0,1.000000,0,571.4735,45.00,526.4735
10310.0,1.000000,0,571.4734,45.00,526.4734
10320.0,1.000000,0,571.4734,45.00,526.4734
10330.0,1.000000,0,571.4733,45.00,526.4733
10340.0,1.000000,0,571.4733,45.00,526.4733
10350.0,1.000000,0,571.4732,45.00,526.4732
10360.0,1.000000,0,571.4732,45.00,526.4732
10370.0,1.000000,0,571.4732,45.00,526.4732
10380.0,1.000000,0,571.4731,45.00,526.4731
10390.0,1.000000,0,571.4731,45.00,526.4731
10400.0,1.000000,0,571.4730,45.00,526.4730
10410.0,1.000000,0,571.4730,45.00,526.4730
10420.0,1.000000,0,571.4729,45.00,526.4729
10430.0,1.000000,0,571.4729,45.00,526.4729
10440.0,1.000000,0,571.4728,45.00,526.4728
10450.0,1.000000,0,571.4728,45.00,526.4728
10460.0,1.000000,0,571.4727,45.00,526.4727
10470.0,1.000000,0,571.4727,45.00,526.4727
10480.0,1.000000,0,571.4727,45.00,526.4727
10490.0,1.000000,0,571.4726,45.00,526.4726
10500.0,1.000000,0,571.4726,45.00,526.4726
10510.0,1.000000,0,571.4725,45.00,526.4725
10520.0,1.000000,0,571.4725,45.00,526.4725
10530.0,1.000000,0,571.4724,45.00,526.4724
10540.0,1.000000,0,571.4724,45.00,526.4724
10550.0,1.000000,0,571.4723,45.00,526.4723
10560.0,1.000000,0,571.4723,45.00,526.4723
10570.0,1.000000,0,571.4722,45.00,526.4722
10580.0,1.000000,0,571.4722,45.00,526.4722
10590.0,1.000000,0,571.4722,45.00,526.4722
10600.0,1.000000,0,571.4721,45.00,526.4721
10610.0,1.000000,0,571.4721,45.00,526.4721
10620.0,1.000000,0,571.4720,45.00,526.4720
10630.0,1.000000,0,571.4720,45.00,526.4720
10640.0,1.000000,0,571.4719,45.00,526.4719
10650.0,1.000000,0,571.4719,45.00,526.4719
10660.0,1.000000,0,571.4718,45.00,526.4718
10670.0,1.000000,0,571.4718,45.00,526.4718
10680.0,1.000000,0,571.4717,45.00,526.4717
10690.0,1.000000,0,571.4717,45.00,526.4717
10700.0,1.000000,0,571.4717,45.00,526.4717
10710.0,1.000000,0,571.4716,45.00,526.4716
10720.0,1.000000,0,571.4716,45.00,526.4716
10730.0,1.000000,0,571.4715,45.00,526.4715
10740.0,1.000000,0,571.4715,45.00,526.4715
10750.0,1.000000,0,571.4714,45.00,526.4714
10760.0,1.000000,0,571.4714,45.00,526.4714
10770.0,1.000000,0,571.4713,45.00,526.4713
10780.0,1.000000,0,571.4713,45.00,526.4713
10790.0,1.000000,0,571.4712,45.00,526.4712
10800.0,1.000000,0,571.4712,45.00,526.4712
10810.0,1.000000,0,571.4712,45.00,526.4712
10820.0,1.000000,0,571.4711,45.00,526.4711
10830.0,1.000000,0,571.4711,45.00,526.4711
10840.0,1.000000,0,571.4710,45.00,526.4710
10850.0,1.000000,0,571.4710,45.00,526.4710
10860.0,1.000000,0,571.4709,45.00,526.4709
10870.0,1.000000,0,571.4709,45.00,526.4709
10880.0,1.000000,0,571.4708,45.00,526.4708
10890.0,1.000000,0,571.4708,45.00,526.4708
10900.0,1.000000,0,571.4707,45.00,526.4707
10910.0,1.000000,0,571.4707,45.00,526.4707
10920.0,1.000000,0,571.4707,45.00,526.4707
10930.0,1.000000,0,571.4706,45.00,526.4706
10940.0,1.000000,0,571.4706,45.00,526.4706
10950.0,1.000000,0,571.4705,45.00,526.4705
10960.0,1.000000,0,571.4705,45.00,526.4705
10970.0,1.000000,0,571.4704,45.00,526.4704
10980.0,1.000000,0,571.4704,45.00,526.4704
10990.0,1.000000,0,571.4703,45.00,526.4703
11000.0,1.000000,0,571.4703,45.00,526.4703
11010.0,1.000000,0,571.4702,45.00,526.4702
11020.0,1.000000,0,571.4702,45.00,526.4702
11030.0,1.000000,0,571.4702,45.00,526.4702
11040.0,1.000000,0,571.4701,45.00,526.4701
11050.0,1.000000,0,571.4701,45.00,526.4701
11060.0,1.000000,0,571.4700,45.00,526.4700
11070.0,1.000000,0,571.4700,45.00,526.4700
11080.0,1.000000,0,571.4699,45.00,526.4699
11090.0,1.000000,0,571.4699,45.00,526.4699
11100.0,1.000000,0,571.4698,45.00,526.4698
11110.0,1.000000,0,571.4698,45.00,526.4698
11120.0,1.000000,0,571.4697,45.00,526.4697
11130.0,1.000000,0,571.4697,45.00,526.4697
11140.0,1.000000,0,571.4697,45.00,526.4697
11150.0,1.000000,0,571.4696,45.00,526.4696
11160.0,1.000000,0,571.4696,45.00,526.4696
11170.0,1.000000,0,571.4695,45.00,526.4695
11180.0,1.000000,0,571.4695,45.00,526.4695
11190.0,1.000000,0,571.4694,45.00,526.4694
11200.0,1.000000,0,571.4694,45.00,526.4694
11210.0,1.000000,0,571.4693,45.00,526.4693
11220.0,1.000000,0,571.4693,45.00,526.4693
11230.0,1.000000,0,571.4692,45.00,526.4692
11240.0,1.000000,0,571.4692,45.00,526.4692
11250.0,1.000000,0,571.4692,45.00,526.4692
11260.0,1.000000,0,571.4691,45.00,526.4691
11270.0,1.000000,0,571.4691,45.00,526.4691
11280.0,1.000000,0,571.4690,45.00,526.4690
11290.0,1.000000,0,571.4690,45.00,526.4690
11300.0,1.000000,0,571.4689,45.00,526.4689
11310.0,1.000000,0,571.4689,45.00,526.4689
11320.0,1.000000,0,571.4688,45.00,526.4688
11330.0,1.000000,0,571.4688,45.00,526.4688
11340.0,1.000000,0,571.4687,45.00,526.4687
11350.0,1.000000,0,571.4687,45.00,526.4687
11360.0,1.000000,0,571.4687,45.00,526.4687
11370.0,1.000000,0,571.4686,45.00,526.4686
11380.0,1.000000,0,571.4686,45.00,526.4686
11390.0,1.000000,0,571.4685,45.00,526.4685
11400.0,1.000000,0,571.4685,45.00,526.4685
11410.0,1.000000,0,571.4684,45.00,526.4684
11420.0,1.000000,0,571.4684,45.00,526.4684
11430.0,1.000000,0,571.4683,45.00,526.4683
11440.0,1.000000,0,571.4683,45.00,526.4683
11450.0,1.000000,0,571.4682,45.00,526.4682
11460.0,1.000000,0,571.4682,45.00,526.4682
11470.0,1.000000,0,571.4682,45.00,526.4682
11480.0,1.000000,0,571.4681,45.00,526.4681
11490.0,1.000000,0,571.4681,45.00,526.4681
11500.0,1.000000,0,571.4680,45.00,526.4680
11510.0,1.000000,0,571.4680,45.00,526.4680
11520.0,1.000000,0,571.4679,45.00,526.4679
11530.0,1.000000,0,571.4679,45.00,526.4679
11540.0,1.000000,0,571.4678,45.00,526.4678
11550.0,1.000000,0,571.4678,45.00,526.4678
11560.0,1.000000,0,571.4677,45.00,526.4677
11570.0,1.000000,0,571.4677,45.00,526.4677
11580.0,1.000000,0,571.4677,45.00,526.4677
11590.0,1.000000,0,571.4676,45.00,526.4676
11600.0,1.000000,0,571.4676,45.00,526.4676
11610.0,1.000000,0,571.4675,45.00,526.4675
11620.0,1.000000,0,571.4675,45.00,526.4675
11630.0,1.000000,0,571.4674,45.00,526.4674
11640.0,1.000000,0,571.4674,45.00,526.4674
11650.0,1.000000,0,571.4673,45.00,526.4673
11660.0,1.000000,0,571.4673,45.00,526.4673
11670.0,1.000000,0,571.4672,45.00,526.4672
11680.0,1.000000,0,571.4672,45.00,526.4672
11690.0,1.000000,0,571.4671,45.00,526.4671
11700.0,1.000000,0,571.4671,45.00,526.4671
11710.0,1.000000,0,571.4671,45.00,526.4671
11720.0,1.000000,0,571.4670,45.00,526.4670
11730.0,1.000000,0,571.4670,45.00,526.4670
11740.0,1.000000,0,571.4669,45.00,526.4669
11750.0,1.000000,0,571.4669,45.00,526.4669
11760.0,1.000000,0,571.4668,45.00,526.4668
11770.0,1.000000,0,571.4668,45.00,526.4668
11780.0,1.000000,0,571.4667,45.00,526.4667
11790.0,1.000000,0,571.4667,45.00,526.4667
11800.0,1.000000,0,571.4666,45.00,526.4666
11810.0,1.000000,0,571.4666,45.00,526.4666
11820.0,1.000000,0,571.4666,45.00,526.4666
11830.0,1.000000,0,571.4665,45.00,526.4665
11840.0,1.000000,0,571.4665,45.00,526.4665
11850.0,1.000000,0,571.4664,45.00,526.4664
11860.0,1.000000,0,571.4664,45.00,526.4664
11870.0,1.000000,0,571.4663,45.00,526.4663
11880.0,1.000000,0,571.4663,45.00,526.4663
11890.0,1.000000,0,571.4662,45.00,526.4662
11900.0,1.000000,0,571.4662,45.00,526.4662
11910.0,1.000000,0,571.4661,45.00,526.4661
11920.0,1.000000,0,571.4661,45.00,526.4661
11930.0,1.000000,0,571.4661,45.00,526.4661
11940.0,1.000000,0,571.4660,45.00,526.4660
11950.0,1.000000,0,571.4660,45.00,526.4660
11960.0,1.000000,0,571.4659,45.00,526.4659
11970.0,1.000000,0,571.4659,45.00,526.4659
11980.0,1.000000,0,571.4658,45.00,526.4658
11990.0,1.000000,0,571.4658,45.00,526.4658
12000.0,1.000000,0,571.4657,45.00,526.4657
12010.0,1.000000,0,571.4657,45.00,526.4657
12020.0,1.000000,0,571.4656,45.00,526.4656
12030.0,1.000000,0,571.4656,45.00,526.4656
12040.0,1.000000,0,571.4656,45.00,526.4656
12050.0,1.000000,0,571.4655,45.00,526.4655
12060.0,1.000000,0,571.4655,45.00,526.4655
12070.0,1.000000,0,571.4654,45.00,526.4654
12080.0,1.000000,0,571.4654,45.00,526.4654
12090.0,1.000000,0,571.4653,45.00,526.4653
12100.0,1.000000,0,571.4653,45.00,526.4653
12110.0,1.000000,0,571.4652,45.00,526.4652
12120.0,1.000000,0,571.4652,45.00,526.4652
12130.0,1.000000,0,571.4651,45.00,526.4651
12140.0,1.000000,0,571.4651,45.00,526.4651
12150.0,1.000000,0,571.4651,45.00,526.4651
12160.0,1.000000,0,571.4650,45.00,526.4650
12170.0,1.000000,0,571.4650,45.00,526.4650
12180.0,1.000000,0,571.4649,45.00,526.4649
12190.0,1.000000,0,571.4649,45.00,526.4649
12200.0,1.000000,0,571.4648,45.00,526.4648
12210.0,1.000000,0,571.4648,45.00,526.4648
12220.0,1.000000,0,571.4647,45.00,526.4647
12230.0,1.000000,0,571.4647,45.00,526.4647
12240.0,1.000000,0,571.4646,45.00,526.4646
12250.0,1.000000,0,571.4646,45.00,526.4646
12260.0,1.000000,0,571.4646,45.00,526.4646
12270.0,1.000000,0,571.4645,45.00,526.4645
12280.0,1.000000,0,571.4645,45.00,526.4645
12290.0,1.000000,0,571.4644,45.00,526.4644
12300.0,1.000000,0,571.4644,45.00,526.4644
12310.0,1.000000,0,571.4643,45.00,526.4643
12320.0,1.000000,0,571.4643,45.00,526.4643
12330.0,1.000000,0,571.4642,45.00,526.4642
12340.0,1.000000,0,571.4642,45.00,526.4642
12350.0,1.000000,0,571.4641,45.00,526.4641
12360.0,1.000000,0,571.4641,45.00,526.4641
12370.0,1.000000,0,571.4641,45.00,526.4641
12380.0,1.000000,0,571.4640,45.00,526.4640
12390.0,1.000000,0,571.4640,45.00,526.4640
12400.0,1.000000,0,571.4639,45.00,526.4639
12410.0,1.000000,0,571.4639,45.00,526.4639
12420.0,1.000000,0,571.4638,45.00,526.4638
12430.0,1.000000,0,571.4638,45.00,526.4638
12440.0,1.000000,0,571.4637,45.00,526.4637
12450.0,1.000000,0,571.4637,45.00,526.4637
12460.0,1.000000,0,571.4636,45.00,526.4636
12470.0,1.000000,0,571.4636,45.00,526.4636
12480.0,1.000000,0,571.4636,45.00,526.4636
12490.0,1.000000,0,571.4635,45.00,526.4635
12500.0,1.000000,0,571.4635,45.00,526.4635
12510.0,1.000000,0,571.4634,45.00,526.4634
12520.0,1.000000,0,571.4634,45.00,526.4634
12530.0,1.000000,0,571.4633,45.00,526.4633
12540.0,1.000000,0,571.4633,45.00,526.4633
12550.0,1.000000,0,571.4632,45.00,526.4632
12560.0,1.000000,0,571.4632,45.00,526.4632
12570.0,1.000000,0,571.4631,45.00,526.4631
12580.0,1.000000,0,571.4631,45.00,526.4631
12590.0,1.000000,0,571.4631,45.00,526.4631
12600.0,1.000000,0,571.4630,45.00,526.4630
12610.0,1.000000,0,571.4630,45.00,526.4630
12620.0,1.000000,0,571.4629,45.00,526.4629
12630.0,1.000000,0,571.4629,45.00,526.4629
12640.0,1.000000,0,571.4628,45.00,526.4628
12650.0,1.000000,0,571.4628,45.00,526.4628
12660.0,1.000000,0,571.4627,45.00,526.4627
12670.0,1.000000,0,571.4627,45.00,526.4627
12680.0,1.000000,0,571.4626,45.00,526.4626
12690.0,1.000000,0,571.4626,45.00,526.4626
12700.0,1.000000,0,571.4626,45.00,526.4626
12710.0,1.000000,0,571.4625,45.00,526.4625
12720.0,1.000000,0,571.4625,45.00,526.4625
12730.0,1.000000,0,571.4624,45.00,526.4624
12740.0,1.000000,0,571.4624,45.00,526.4624
12750.0,1.000000,0,571.4623,45.00,526.4623
12760.0,1.000000,0,571.4623,45.00,526.4623
12770.0,1.000000,0,571.4622,45.00,526.4622
12780.0,1.000000,0,571.4622,45.00,526.4622
12790.0,1.000000,0,571.4621,45.00,526.4621
12800.0,1.000000,0,571.4621,45.00,526.4621
12810.0,1.000000,0,571.4621,45.00,526.4621
12820.0,1.000000,0,571.4620,45.00,526.4620
12830.0,1.000000,0,571.4620,45.00,526.4620
12840.0,1.000000,0,571.4619,45.00,526.4619
12850.0,0.103749,1,59.2887,45.00,14.2887
12860.0,0.000000,1,0.0000,45.00,-45.0000
12870.0,0.000000,1,0.0000,45.00,-45.0000
12880.0,0.000000,1,0.0000,45.00,-45.0000
12890.0,0.000000,1,0.0000,45.00,-45.0000
12900.0,0.000000,1,0.0000,45.00,-45.0000
12910.0,0.000000,1,0.0000,45.00,-45.0000
12920.0,0.000000,1,0.0000,45.00,-45.0000
12930.0,0.000000,1,0.0000,45.00,-45.0000
12940.0,0.000000,1,0.0000,45.00,-45.0000
12950.0,0.000000,1,0.0000,45.00,-45.0000
12960.0,0.000000,1,0.0000,45.00,-45.0000
12970.0,0.000000,1,0.0000,45.00,-45.0000
12980.0,0.000000,1,0.0000,45.00,-45.0000
12990.0,0.000000,1,0.0000,45.00,-45.0000
13000.0,0.000000,1,0.0000,45.00,-45.0000
13010.0,0.000000,1,0.0000,45.00,-45.0000
13020.0,0.000000,1,0.0000,45.00,-45.0000
13030.0,0.000000,1,0.0000,45.00,-45.0000
13040.0,0.000000,1,0.0000,45.00,-45.0000
13050.0,0.000000,1,0.0000,45.00,-45.0000
13060.0,0.000000,1,0.0000,45.00,-45.0000
13070.0,0.000000,1,0.0000,45.00,-45.0000
13080.0,0.000000,1,0.0000,45.00,-45.0000
13090.0,0.000000,1,0.0000,45.00,-45.0000
13100.0,0.000000,1,0.0000,45.00,-45.0000
13110.0,0.000000,1,0.0000,45.00,-45.0000
13120.0,0.000000,1,0.0000,45.00,-45.0000
13130.0,0.000000,1,0.0000,45.00,-45.0000
13140.0,0.000000,1,0.0000,45.00,-45.0000
13150.0,0.000000,1,0.0000,45.00,-45.0000
13160.0,0.000000,1,0.0000,45.00,-45.0000
13170.0,0.000000,1,0.0000,45.00,-45.0000
13180.0,0.000000,1,0.0000,45.00,-45.0000
13190.0,0.000000,1,0.0000,45.00,-45.0000
13200.0,0.000000,1,0.0000,45.00,-45.0000
13210.0,0.000000,1,0.0000,45.00,-45.0000
13220.0,0.000000,1,0.0000,45.00,-45.0000
13230.0,0.000000,1,0.0000,45.00,-45.0000
13240.0,0.000000,1,0.0000,45.00,-45.0000
13250.0,0.000000,1,0.0000,45.00,-45.0000
13260.0,0.000000,1,0.0000,45.00,-45.0000
13270.0,0.000000,1,0.0000,45.00,-45.0000
13280.0,0.000000,1,0.0000,45.00,-45.0000
13290.0,0.000000,1,0.0000,45.00,-45.0000
13300.0,0.000000,1,0.0000,45.00,-45.0000
13310.0,0.000000,1,0.0000,45.00,-45.0000
13320.0,0.000000,1,0.0000,45.00,-45.0000
13330.0,0.000000,1,0.0000,45.00,-45.0000
13340.0,0.000000,1,0.0000,45.00,-45.0000
13350.0,0.000000,1,0.0000,45.00,-45.0000
13360.0,0.000000,1,0.0000,45.00,-45.0000
13370.0,0.000000,1,0.0000,45.00,-45.0000
13380.0,0.000000,1,0.0000,45.00,-45.0000
13390.0,0.000000,1,0.0000,45.00,-45.0000
13400.0,0.000000,1,0.0000,45.00,-45.0000
13410.0,0.000000,1,0.0000,45.00,-45.0000
13420.0,0.000000,1,0.0000,45.00,-45.0000
13430.0,0.000000,1,0.0000,45.00,-45.0000
13440.0,0.000000,1,0.0000,45.00,-45.0000
13450.0,0.000000,1,0.0000,45.00,-45.0000
13460.0,0.000000,1,0.0000,45.00,-45.0000
13470.0,0.000000,1,0.0000,45.00,-45.0000
13480.0,0.000000,1,0.0000,45.00,-45.0000
13490.0,0.000000,1,0.0000,45.00,-45.0000
13500.0,0.000000,1,0.0000,45.00,-45.0000
13510.0,0.000000,1,0.0000,45.00,-45.0000
13520.0,0.000000,1,0.0000,45.00,-45.0000
13530.0,0.000000,1,0.0000,45.00,-45.0000
13540.0,0.000000,1,0.0000,45.00,-45.0000
13550.0,0.000000,1,0.0000,45.00,-45.0000
13560.0,0.000000,1,0.0000,45.00,-45.0000
13570.0,0.000000,1,0.0000,45.00,-45.0000
13580.0,0.000000,1,0.0000,45.00,-45.0000
13590.0,0.000000,1,0.0000,45.00,-45.0000
13600.0,0.000000,1,0.0000,45.00,-45.0000
13610.0,0.000000,1,0.0000,45.00,-45.0000
13620.0,0.000000,1,0.0000,45.00,-45.0000
13630.0,0.000000,1,0.0000,45.00,-45.0000
13640.0,0.000000,1,0.0000,45.00,-45.0000
13650.0,0.000000,1,0.0000,45.00,-45.0000
13660.0,0.000000,1,0.0000,45.00,-45.0000
13670.0,0.000000,1,0.0000,45.00,-45.0000
13680.0,0.000000,1,0.0000,45.00,-45.0000
13690.0,0.000000,1,0.0000,45.00,-45.0000
13700.0,0.000000,1,0.0000,45.00,-45.0000
13710.0,0.000000,1,0.0000,45.00,-45.0000
13720.0,0.000000,1,0.0000,45.00,-45.0000
13730.0,0.000000,1,0.0000,45.00,-45.0000
13740.0,0.000000,1,0.0000,45.00,-45.0000
13750.0,0.000000,1,0.0000,45.00,-45.0000
13760.0,0.000000,1,0.0000,45.00,-45.0000
13770.0,0.000000,1,0.0000,45.00,-45.0000
13780.0,0.000000,1,0.0000,45.00,-45.0000
13790.0,0.000000,1,0.0000,45.00,-45.0000
13800.0,0.000000,1,0.0000,45.00,-45.0000
13810.0,0.000000,1,0.0000,45.00,-45.0000
13820.0,0.000000,1,0.0000,45.00,-45.0000
13830.0,0.000000,1,0.0000,45.00,-45.0000
13840.0,0.000000,1,0.0000,45.00,-45.0000
13850.0,0.000000,1,0.0000,45.00,-45.0000
13860.0,0.000000,1,0.0000,45.00,-45.0000
13870.0,0.000000,1,0.0000,45.00,-45.0000
13880.0,0.000000,1,0.0000,45.00,-45.0000
13890.0,0.000000,1,0.0000,45.00,-45.0000
13900.0,0.000000,1,0.0000,45.00,-45.0000
13910.0,0.000000,1,0.0000,45.00,-45.0000
13920.0,0.000000,1,0.0000,45.00,-45.0000
13930.0,0.000000,1,0.0000,45.00,-45.0000
13940.0,0.000000,1,0.0000,45.00,-45.0000
13950.0,0.000000,1,0.0000,45.00,-45.0000
13960.0,0.000000,1,0.0000,45.00,-45.0000
13970.0,0.000000,1,0.0000,45.00,-45.0000
13980.0,0.000000,1,0.0000,45.00,-45.0000
13990.0,0.000000,1,0.0000,45.00,-45.0000
14000.0,0.000000,1,0.0000,45.00,-45.0000
14010.0,0.000000,1,0.0000,45.00,-45.0000
14020.0,0.000000,1,0.0000,45.00,-45.0000
14030.0,0.000000,1,0.0000,45.00,-45.0000
14040.0,0.000000,1,0.0000,45.00,-45.0000
14050.0,0.000000,1,0.0000,45.00,-45.0000
14060.0,0.000000,1,0.0000,45.00,-45.0000
14070.0,0.000000,1,0.0000,45.00,-45.0000
14080.0,0.000000,1,0.0000,45.00,-45.0000
14090.0,0.000000,1,0.0000,45.00,-45.0000
14100.0,0.000000,1,0.0000,45.00,-45.0000
14110.0,0.000000,1,0.0000,45.00,-45.0000
14120.0,0.000000,1,0.0000,45.00,-45.0000
14130.0,0.000000,1,0.0000,45.00,-45.0000
14140.0,0.000000,1,0.0000,45.00,-45.0000
14150.0,0.000000,1,0.0000,45.00,-45.0000
14160.0,0.000000,1,0.0000,45.00,-45.0000
14170.0,0.000000,1,0.0000,45.00,-45.0000
14180.0,0.000000,1,0.0000,45.00,-45.0000
14190.0,0.000000,1,0.0000,45.00,-45.0000
14200.0,0.000000,1,0.0000,45.00,-45.0000
14210.0,0.000000,1,0.0000,45.00,-45.0000
14220.0,0.000000,1,0.0000,45.00,-45.0000
14230.0,0.000000,1,0.0000,45.00,-45.0000
14240.0,0.000000,1,0.0000,45.00,-45.0000
14250.0,0.000000,1,0.0000,45.00,-45.0000
14260.0,0.000000,1,0.0000,45.00,-45.0000
14270.0,0.000000,1,0.0000,45.00,-45.0000
14280.0,0.000000,1,0.0000,45.00,-45.0000
14290.0,0.000000,1,0.0000,45.00,-45.0000
14300.0,0.000000,1,0.0000,45.00,-45.0000
14310.0,0.000000,1,0.0000,45.00,-45.0000
14320.0,0.000000,1,0.0000,45.00,-45.0000
14330.0,0.000000,1,0.0000,45.00,-45.0000
14340.0,0.000000,1,0.0000,45.00,-45.0000
14350.0,0.000000,1,0.0000,45.00,-45.0000
14360.0,0.000000,1,0.0000,45.00,-45.0000
14370.0,0.000000,1,0.0000,45.00,-45.0000
14380.0,0.000000,1,0.0000,45.00,-45.0000
14390.0,0.000000,1,0.0000,45.00,-45.0000
14400.0,0.000000,1,0.0000,45.00,-45.0000
14410.0,0.000000,1,0.0000,45.00,-45.0000
14420.0,0.000000,1,0.0000,45.00,-45.0000
14430.0,0.000000,1,0.0000,45.00,-45.0000
14440.0,0.000000,1,0.0000,45.00,-45.0000
14450.0,0.000000,1,0.0000,45.00,-45.0000
14460.0,0.000000,1,0.0000,45.00,-45.0000
14470.0,0.000000,1,0.0000,45.00,-45.0000
14480.0,0.000000,1,0.0000,45.00,-45.0000
14490.0,0.000000,1,0.0000,45.00,-45.0000
14500.0,0.000000,1,0.0000,45.00,-45.0000
14510.0,0.000000,1,0.0000,45.00,-45.0000
14520.0,0.000000,1,0.0000,45.00,-45.0000
14530.0,0.000000,1,0.0000,45.00,-45.0000
14540.0,0.000000,1,0.0000,45.00,-45.0000
14550.0,0.000000,1,0.0000,45.00,-45.0000
14560.0,0.000000,1,0.0000,45.00,-45.0000
14570.0,0.000000,1,0.0000,45.00,-45.0000
14580.0,0.000000,1,0.0000,45.00,-45.0000
14590.0,0.000000,1,0.0000,45.00,-45.0000
14600.0,0.000000,1,0.0000,45.00,-45.0000
14610.0,0.000000,1,0.0000,45.00,-45.0000
14620.0,0.000000,1,0.0000,45.00,-45.0000
14630.0,0.000000,1,0.0000,45.00,-45.0000
14640.0,0.000000,1,0.0000,45.00,-45.0000
14650.0,0.000000,1,0.0000,45.00,-45.0000
14660.0,0.000000,1,0.0000,45.00,-45.0000
14670.0,0.000000,1,0.0000,45.00,-45.0000
14680.0,0.000000,1,0.0000,45.00,-45.0000
14690.0,0.000000,1,0.0000,45.00,-45.0000
14700.0,0.000000,1,0.0000,45.00,-45.0000
14710.0,0.000000,1,0.0000,45.00,-45.0000
14720.0,0.000000,1,0.0000,45.00,-45.0000
14730.0,0.000000,1,0.0000,45.00,-45.0000
14740.0,0.000000,1,0.0000,45.00,-45.0000
14750.0,0.000000,1,0.0000,45.00,-45.0000
14760.0,0.000000,1,0.0000,45.00,-45.0000
14770.0,0.000000,1,0.0000,45.00,-45.0000
14780.0,0.000000,1,0.0000,45.00,-45.0000
14790.0,0.000000,1,0.0000,45.00,-45.0000
14800.0,0.000000,1,0.0000,45.00,-45.0000
14810.0,0.000000,1,0.0000,45.00,-45.0000
14820.0,0.000000,1,0.0000,45.00,-45.0000
14830.0,0.000000,1,0.0000,45.00,-45.0000
14840.0,0.000000,1,0.0000,45.00,-45.0000
14850.0,0.000000,1,0.0000,45.00,-45.0000
14860.0,0.000000,1,0.0000,45.00,-45.0000
14870.0,0.000000,1,0.0000,45.00,-45.0000
14880.0,0.000000,1,0.0000,45.00,-45.0000
14890.0,0.000000,1,0.0000,45.00,-45.0000
14900.0,0.000000,1,0.0000,45.00,-45.0000
14910.0,0.000000,1,0.0000,45.00,-45.0000
14920.0,0.000000,1,0.0000,45.00,-45.0000
14930.0,0.000000,1,0.0000,45.00,-45.0000
14940.0,0.000000,1,0.0000,45.00,-45.0000
14950.0,0.000000,1,0.0000,45.00,-45.0000
14960.0,0.000000,1,0.0000,45.00,-45.0000
14970.0,0.000000,1,0.0000,45.00,-45.0000
14980.0,0.000000,1,0.0000,45.00,-45.0000
14990.0,0.000000,1,0.0000,45.00,-45.0000
15000.0,0.000000,1,0.0000,45.00,-45.0000
15010.0,0.055761,1,31.8645,45.00,-13.1355
15020.0,1.000000,0,571.4520,45.00,526.4520
15030.0,1.000000,0,571.4519,45.00,526.4519
15040.0,1.000000,0,571.4519,45.00,526.4519
15050.0,1.000000,0,571.4518,45.00,526.4518
15060.0,1.000000,0,571.4518,45.00,526.4518
15070.0,1.000000,0,571.4518,45.00,526.4518
15080.0,1.000000,0,571.4517,45.00,526.4517
15090.0,1.000000,0,571.4517,45.00,526.4517
15100.0,1.000000,0,571.4516,45.00,526.4516
15110.0,1.000000,0,571.4516,45.00,526.4516
15120.0,1.000000,0,571.4515,45.00,526.4515
15130.0,1.000000,0,571.4515,45.00,526.4515
15140.0,1.000000,0,571.4514,45.00,526.4514
15150.0,1.000000,0,571.4514,45.00,526.4514
15160.0,1.000000,0,571.4513,45.00,526.4513
15170.0,1.000000,0,571.4513,45.00,526.4513
15180.0,1.000000,0,571.4513,45.00,526.4513
15190.0,1.000000,0,571.4512,45.00,526.4512
15200.0,1.000000,0,571.4512,45.00,526.4512
15210.0,1.000000,0,571.4511,45.00,526.4511
15220.0,1.000000,0,571.4511,45.00,526.4511
15230.0,1.000000,0,571.4510,45.00,526.4510
15240.0,1.000000,0,571.4510,45.00,526.4510
15250.0,1.000000,0,571.4509,45.00,526.4509
15260.0,1.000000,0,571.4509,45.00,526.4509
15270.0,1.000000,0,571.4508,45.00,526.4508
15280.0,1.000000,0,571.4508,45.00,526.4508
15290.0,1.000000,0,571.4508,45.00,526.4508
15300.0,1.000000,0,571.4507,45.00,526.4507
15310.0,1.000000,0,571.4507,45.00,526.4507
15320.0,1.000000,0,571.4506,45.00,526.4506
15330.0,1.000000,0,571.4506,45.00,526.4506
15340.0,1.000000,0,571.4505,45.00,526.4505
15350.0,1.000000,0,571.4505,45.00,526.4505
15360.0,1.000000,0,571.4504,45.00,526.4504
15370.0,1.000000,0,571.4504,45.00,526.4504
15380.0,1.000000,0,571.4503,45.00,526.4503
15390.0,1.000000,0,571.4503,45.00,526.4503
15400.0,1.000000,0,571.4502,45.00,526.4502
15410.0,1.000000,0,571.4502,45.00,526.4502
15420.0,1.000000,0,571.4502,45.00,526.4502
15430.0,1.000000,0,571.4501,45.00,526.4501
15440.0,1.000000,0,571.4501,45.00,526.4501
15450.0,1.000000,0,571.4500,45.00,526.4500
15460.0,1.000000,0,571.4500,45.00,526.4500
15470.0,1.000000,0,571.4499,45.00,526.4499
15480.0,1.000000,0,571.4499,45.00,526.4499
15490.0,1.000000,0,571.4498,45.00,526.4498
15500.0,1.000000,0,571.4498,45.00,526.4498
15510.0,1.000000,0,571.4497,45.00,526.4497
15520.0,1.000000,0,571.4497,45.00,526.4497
15530.0,1.000000,0,571.4497,45.00,526.4497
15540.0,1.000000,0,571.4496,45.00,526.4496
15550.0,1.000000,0,571.4496,45.00,526.4496
15560.0,1.000000,0,571.4495,45.00,526.4495
15570.0,1.000000,0,571.4495,45.00,526.4495
15580.0,1.000000,0,571.4494,45.00,526.4494
15590.0,1.000000,0,571.4494,45.00,526.4494
15600.0,1.000000,0,571.4493,45.00,526.4493
15610.0,1.000000,0,571.4493,45.00,526.4493
15620.0,1.000000,0,571.4492,45.00,526.4492
15630.0,1.000000,0,571.4492,45.00,526.4492
15640.0,1.000000,0,571.4492,45.00,526.4492
15650.0,1.000000,0,571.4491,45.00,526.4491
15660.0,1.000000,0,571.4491,45.00,526.4491
15670.0,1.000000,0,571.4490,45.00,526.4490
15680.0,1.000000,0,571.4490,45.00,526.4490
15690.0,1.000000,0,571.4489,45.00,526.4489
15700.0,1.000000,0,571.4489,45.00,526.4489
15710.0,1.000000,0,571.4488,45.00,526.4488
15720.0,1.000000,0,571.4488,45.00,526.4488
15730.0,1.000000,0,571.4487,45.00,526.4487
15740.0,1.000000,0,571.4487,45.00,526.4487
15750.0,1.000000,0,571.4487,45.00,526.4487
15760.0,1.000000,0,571.4486,45.00,526.4486
15770.0,1.000000,0,571.4486,45.00,526.4486
15780.0,1.000000,0,571.4485,45.00,526.4485
15790.0,1.000000,0,571.4485,45.00,526.4485
15800.0,1.000000,0,571.4484,45.00,526.4484
15810.0,1.000000,0,571.4484,45.00,526.4484
15820.0,1.000000,0,571.4483,45.00,526.4483
15830.0,1.000000,0,571.4483,45.00,526.4483
15840.0,1.000000,0,571.4482,45.00,526.4482
15850.0,1.000000,0,571.4482,45.00,526.4482
15860.0,1.000000,0,571.4482,45.00,526.4482
15870.0,1.000000,0,571.4481,45.00,526.4481
15880.0,1.000000,0,571.4481,45.00,526.4481
15890.0,1.000000,0,571.4480,45.00,526.4480
15900.0,1.000000,0,571.4480,45.00,526.4480
15910.0,1.000000,0,571.4479,45.00,526.4479
15920.0,1.000000,0,571.4479,45.00,526.4479
15930.0,1.000000,0,571.4478,45.00,526.4478
15940.0,1.000000,0,571.4478,45.00,526.4478
15950.0,1.000000,0,571.4477,45.00,526.4477
15960.0,1.000000,0,571.4477,45.00,526.4477
15970.0,1.000000,0,571.4477,45.00,526.4477
15980.0,1.000000,0,571.4476,45.00,526.4476
15990.0,1.000000,0,571.4476,45.00,526.4476
16000.0,1.000000,0,571.4475,45.00,526.4475
16010.0,1.000000,0,571.4475,45.00,526.4475
16020.0,1.000000,0,571.4474,45.00,526.4474
16030.0,1.000000,0,571.4474,45.00,526.4474
16040.0,1.000000,0,571.4473,45.00,526.4473
16050.0,1.000000,0,571.4473,45.00,526.4473
16060.0,1.000000,0,571.4472,45.00,526.4472
16070.0,1.000000,0,571.4472,45.00,526.4472
16080.0,1.000000,0,571.4471,45.00,526.4471
16090.0,1.000000,0,571.4471,45.00,526.4471
16100.0,1.000000,0,571.4471,45.00,526.4471
16110.0,1.000000,0,571.4470,45.00,526.4470
16120.0,1.000000,0,571.4470,45.00,526.4470
16130.0,1.000000,0,571.4469,45.00,526.4469
16140.0,1.000000,0,571.4469,45.00,526.4469
16150.0,1.000000,0,571.4468,45.00,526.4468
16160.0,1.000000,0,571.4468,45.00,526.4468
16170.0,1.000000,0,571.4467,45.00,526.4467
16180.0,1.000000,0,571.4467,45.00,526.4467
16190.0,1.000000,0,571.4466,45.00,526.4466
16200.0,1.000000,0,571.4466,45.00,526.4466
16210.0,1.000000,0,571.4466,45.00,526.4466
16220.0,1.000000,0,571.4465,45.00,526.4465
16230.0,1.000000,0,571.4465,45.00,526.4465
16240.0,1.000000,0,571.4464,45.00,526.4464
16250.0,1.000000,0,571.4464,45.00,526.4464
16260.0,1.000000,0,571.4463,45.00,526.4463
16270.0,1.000000,0,571.4463,45.00,526.4463
16280.0,1.000000,0,571.4462,45.00,526.4462
16290.0,1.000000,0,571.4462,45.00,526.4462
16300.0,1.000000,0,571.4461,45.00,526.4461
16310.0,1.000000,0,571.4461,45.00,526.4461
16320.0,1.000000,0,571.4461,45.00,526.4461
16330.0,1.000000,0,571.4460,45.00,526.4460
16340.0,1.000000,0,571.4460,45.00,526.4460
16350.0,1.000000,0,571.4459,45.00,526.4459
16360.0,1.000000,0,571.4459,45.00,526.4459
16370.0,1.000000,0,571.4458,45.00,526.4458
16380.0,1.000000,0,571.4458,45.00,526.4458
16390.0,1.000000,0,571.4457,45.00,526.4457
16400.0,1.000000,0,571.4457,45.00,526.4457
16410.0,1.000000,0,571.4456,45.00,526.4456
16420.0,1.000000,0,571.4456,45.00,526.4456
16430.0,1.000000,0,571.4456,45.00,526.4456
16440.0,1.000000,0,571.4455,45.00,526.4455
16450.0,1.000000,0,571.4455,45.00,526.4455
16460.0,1.000000,0,571.4454,45.00,526.4454
16470.0,1.000000,0,571.4454,45.00,526.4454
16480.0,1.000000,0,571.4453,45.00,526.4453
16490.0,1.000000,0,571.4453,45.00,526.4453
16500.0,1.000000,0,571.4452,45.00,526.4452
16510.0,1.000000,0,571.4452,45.00,526.4452
16520.0,1.000000,0,571.4451,45.00,526.4451
16530.0,1.000000,0,571.4451,45.00,526.4451
16540.0,1.000000,0,571.4451,45.00,526.4451
16550.0,1.000000,0,571.4450,45.00,526.4450
16560.0,1.000000,0,571.4450,45.00,526.4450
16570.0,1.000000,0,571.4449,45.00,526.4449
16580.0,1.000000,0,571.4449,45.00,526.4449
16590.0,1.000000,0,571.4448,45.00,526.4448
16600.0,1.000000,0,571.4448,45.00,526.4448
16610.0,1.000000,0,571.4447,45.00,526.4447
16620.0,1.000000,0,571.4447,45.00,526.4447
16630.0,1.000000,0,571.4446,45.00,526.4446
16640.0,1.000000,0,571.4446,45.00,526.4446
16650.0,1.000000,0,571.4445,45.00,526.4445
16660.0,1.000000,0,571.4445,45.00,526.4445
16670.0,1.000000,0,571.4445,45.00,526.4445
16680.0,1.000000,0,571.4444,45.00,526.4444
16690.0,1.000000,0,571.4444,45.00,526.4444
16700.0,1.000000,0,571.4443,45.00,526.4443
16710.0,1.000000,0,571.4443,45.00,526.4443
16720.0,1.000000,0,571.4442,45.00,526.4442
16730.0,1.000000,0,571.4442,45.00,526.4442
16740.0,1.000000,0,571.4441,45.00,526.4441
16750.0,1.000000,0,571.4441,45.00,526.4441
16760.0,1.000000,0,571.4440,45.00,526.4440
16770.0,1.000000,0,571.4440,45.00,526.4440
16780.0,1.000000,0,571.4440,45.00,526.4440
16790.0,1.000000,0,571.4439,45.00,526.4439
16800.0,1.000000,0,571.4439,45.00,526.4439
16810.0,1.000000,0,571.4438,45.00,526.4438
16820.0,1.000000,0,571.4438,45.00,526.4438
16830.0,1.000000,0,571.4437,45.00,526.4437
16840.0,1.000000,0,571.4437,45.00,526.4437
16850.0,1.000000,0,571.4436,45.00,526.4436
16860.0,1.000000,0,571.4436,45.00,526.4436
16870.0,1.000000,0,571.4435,45.00,526.4435
16880.0,1.000000,0,571.4435,45.00,526.4435
16890.0,1.000000,0,571.4435,45.00,526.4435
16900.0,1.000000,0,571.4434,45.00,526.4434
16910.0,1.000000,0,571.4434,45.00,526.4434
16920.0,1.000000,0,571.4433,45.00,526.4433
16930.0,1.000000,0,571.4433,45.00,526.4433
16940.0,1.000000,0,571.4432,45.00,526.4432
16950.0,1.000000,0,571.4432,45.00,526.4432
16960.0,1.000000,0,571.4431,45.00,526.4431
16970.0,1.000000,0,571.4431,45.00,526.4431
16980.0,1.000000,0,571.4430,45.00,526.4430
16990.0,1.000000,0,571.4430,45.00,526.4430
17000.0,1.000000,0,571.4430,45.00,526.4430
17010.0,1.000000,0,571.4429,45.00,526.4429
17020.0,1.000000,0,571.4429,45.00,526.4429
17030.0,1.000000,0,571.4428,45.00,526.4428
17040.0,1.000000,0,571.4428,45.00,526.4428
17050.0,1.000000,0,571.4427,45.00,526.4427
17060.0,1.000000,0,571.4427,45.00,526.4427
17070.0,1.000000,0,571.4426,45.00,526.4426
17080.0,1.000000,0,571.4426,45.00,526.4426
17090.0,1.000000,0,571.4425,45.00,526.4425
17100.0,1.000000,0,571.4425,45.00,526.4425
17110.0,1.000000,0,571.4425,45.00,526.4425
17120.0,1.000000,0,571.4424,45.00,526.4424
17130.0,1.000000,0,571.4424,45.00,526.4424
17140.0,1.000000,0,571.4423,45.00,526.4423
17150.0,1.000000,0,571.4423,45.00,526.4423
17160.0,1.000000,0,571.4422,45.00,526.4422
17170.0,1.000000,0,571.4422,45.00,526.4422
17180.0,1.000000,0,571.4421,45.00,526.4421
17190.0,1.000000,0,571.4421,45.00,526.4421
17200.0,1.000000,0,571.4420,45.00,526.4420
17210.0,1.000000,0,571.4420,45.00,526.4420
17220.0,1.000000,0,571.4419,45.00,526.4419
17230.0,1.000000,0,571.4419,45.00,526.4419
17240.0,1.000000,0,571.4419,45.00,526.4419
